"Mun","./backup/201601.zip","novo/201601.zip","Diff","Percent"
"TARTARUGALZINHO - AP",1049990.63,1041690.63,-8300.00,-0.79
"OLIVEIRA DE FATIMA - TO",514341.18,506091.18,-8250.00,-1.60
"PANAMBI - RS",2451414.20,2441414.20,-10000.00,-0.41
"SAO JOSE DO CALCADO - ES",1008059.59,999309.59,-8750.00,-0.87
"PALMEIRA DAS MISSOES - RS",2159031.59,1955597.49,-203434.10,-9.42
"ALTO ARAGUAIA - MT",1296425.17,1288125.17,-8300.00,-0.64
"TRES DE MAIO - RS",1557500.33,1496846.47,-60653.86,-3.89
"CARIRI DO TOCANTINS - TO",613143.67,608143.67,-5000.00,-0.82
"VIAMAO - RS",8000169.44,7803600.28,-196569.16,-2.46
"PORTO UNIAO - SC",1877599.01,1861249.01,-16350.00,-0.87
"SOBRAL - CE",25289057.70,25278057.70,-11000.00,-0.04
"SENADOR JOSE BENTO - MG",566900.55,558600.55,-8300.00,-1.46
"ITAPEMIRIM - ES",8798895.14,8776645.14,-22250.00,-0.25
"NOVO CRUZEIRO - MG",1906808.44,1879321.56,-27486.88,-1.44
"CARMO DO PARANAIBA - MG",2149762.00,2141462.00,-8300.00,-0.39
"VILA LANGARO - RS",610613.93,602313.93,-8300.00,-1.36
"SALTO GRANDE - SP",763572.54,725972.54,-37600.00,-4.92
"LARANJEIRAS - SE",2577712.57,2569412.57,-8300.00,-0.32
"CANGUCU - RS",2843652.71,2621935.17,-221717.54,-7.80
"TRES COROAS - RS",1586808.23,1541481.11,-45327.12,-2.86
"CUBATAO - SP",9096557.07,9039907.07,-56650.00,-0.62
"VISTA GAUCHA - RS",527989.18,519689.18,-8300.00,-1.57
"MARMELEIRO - PR",1308409.59,1308409.59,-0.00,-0.00
"SANTA RITA DO SAPUCAI - MG",2234077.66,2206598.49,-27479.17,-1.23
"ACORIZAL - MT",552312.60,533665.77,-18646.83,-3.38
"SANANDUVA - RS",1019065.05,1012039.54,-7025.51,-0.69
"MAJOR ISIDORO - AL",2755591.44,2741841.44,-13750.00,-0.50
"PRAIA GRANDE - SP",11336208.74,11314708.74,-21500.00,-0.19
"TERESOPOLIS - RJ",9812901.50,9795901.50,-17000.00,-0.17
"SAO MATEUS - ES",7532258.42,7512837.53,-19420.89,-0.26
"BORBA - AM",3674038.91,3658682.52,-15356.39,-0.42
"PINHAIS - PR",5098191.56,5059392.25,-38799.31,-0.76
"BUERAREMA - BA",1921881.53,1913131.53,-8750.00,-0.46
"FERRAZ DE VASCONCELOS - SP",5839459.53,5790709.53,-48750.00,-0.83
"OLHO D'AGUA GRANDE - AL",1049532.31,1043282.31,-6250.00,-0.60
"LIZARDA - TO",611189.52,604939.52,-6250.00,-1.02
"ITAMBACURI - MG",1800467.11,1792167.11,-8300.00,-0.46
"LIMEIRA - SP",14927502.40,14916502.40,-11000.00,-0.07
"PONTE NOVA - MG",5011861.29,5010262.55,-1598.74,-0.03
"GUARANTA DO NORTE - MT",2139497.70,2116497.70,-23000.00,-1.08
"TALISMA - TO",986683.42,978383.42,-8300.00,-0.84
"AXIXA DO TOCANTINS - TO",1192839.20,1188839.20,-4000.00,-0.34
"SAO JOSE DO RIO PRETO - SP",16533857.75,15938856.40,-595001.35,-3.60
"CANDOI - PR",1399953.00,1385403.00,-14550.00,-1.04
"GONGOGI - BA",1113651.29,1107401.29,-6250.00,-0.56
"IAPU - MG",934057.02,934057.02,0.00,0.00
"ASSIS - SP",5190427.49,5180427.49,-10000.00,-0.19
"CAFELANDIA - SP",1585432.81,1568382.81,-17050.00,-1.08
"CRICIUMA - SC",14207448.09,14099898.09,-107550.00,-0.76
"BELEM - PB",1752236.65,1748636.64,-3600.01,-0.21
"BELEM - PA",106715378.39,87701633.70,-19013744.69,-17.82
"LAJINHA - MG",1371079.88,1364492.52,-6587.36,-0.48
"SAO JOSE DO CAMPESTRE - RN",1210630.31,1204380.31,-6250.00,-0.52
"VARZEA GRANDE - MT",9276153.10,9215771.78,-60381.32,-0.65
"REGISTRO - SP",3113828.72,3044709.82,-69118.90,-2.22
"MORADA NOVA - CE",6211206.25,6200206.25,-11000.00,-0.18
"BETANIA - PE",1421062.74,1412312.74,-8750.00,-0.62
"IBIMIRIM - PE",2546557.77,2537807.77,-8750.00,-0.34
"PAUDALHO - PE",4346193.57,4326193.57,-20000.00,-0.46
"LAGOA NOVA - RN",1570075.37,1528825.37,-41250.00,-2.63
"AMPARO - SP",4237024.82,4228274.82,-8750.00,-0.21
"PEDRA AZUL - MG",2064244.62,2059397.49,-4847.13,-0.23
"BAEPENDI - MG",1418314.91,1380948.38,-37366.53,-2.63
"PONTALINA - GO",1448132.17,1447332.17,-800.00,-0.06
"CORONEL EZEQUIEL - RN",732327.27,717502.10,-14825.17,-2.02
"INHAPI - AL",2368175.48,2336825.48,-31350.00,-1.32
"CUIABA - MT",53965541.40,33737291.79,-20228249.61,-37.48
"MESQUITA - RJ",7124146.25,7111296.25,-12850.00,-0.18
"MALHADA DOS BOIS - SE",791789.23,785539.23,-6250.00,-0.79
"SAO JOSE DO OURO - RS",580600.05,550265.40,-30334.65,-5.22
"MALACACHETA - MG",1675399.71,1665399.71,-10000.00,-0.60
"GURUPI - TO",4801877.51,4709973.03,-91904.48,-1.91
"ITAJAI - SC",14420937.21,14399937.21,-21000.00,-0.15
"CORONEL FABRICIANO - MG",5117671.26,5065571.26,-52100.00,-1.02
"LINS - SP",3866803.03,3845053.03,-21750.00,-0.56
"ITACARAMBI - MG",1733811.03,1727561.03,-6250.00,-0.36
"PORTO LUCENA - RS",648995.99,645468.67,-3527.32,-0.54
"FORTALEZA - CE",270014366.76,172736230.62,-97278136.14,-36.03
"GUAXUPE - MG",2542122.60,2531622.60,-10500.00,-0.41
"GUARAPARI - ES",5538188.50,5533188.50,-5000.00,-0.09
"MUCUM - RS",586518.04,580316.18,-6201.86,-1.06
"BRASILIA - DF",158958792.66,99142211.77,-59816580.89,-37.63
"CONDOR - RS",824310.59,823097.58,-1213.01,-0.15
"SAPOPEMA - PR",722043.34,722043.34,-0.00,-0.00
"SAO GABRIEL - RS",3239549.56,3217299.56,-22250.00,-0.69
"SAO FELIPE - BA",2646327.20,2635077.20,-11250.00,-0.43
"MARILIA - SP",10881960.45,10674992.04,-206968.41,-1.90
"SARANDI - RS",1218411.81,1207401.37,-11010.44,-0.90
"FAZENDA RIO GRANDE - PR",4456888.92,4443638.92,-13250.00,-0.30
"MESQUITA - MG",648849.31,638449.31,-10400.00,-1.60
"PETROLINA DE GOIAS - GO",852395.21,852395.21,-0.00,-0.00
"SAO SEBASTIAO DO CAI - RS",1463092.85,1454577.77,-8515.08,-0.58
"ANTONIO OLINTO - PR",666111.29,655611.29,-10500.00,-1.58
"CONCORDIA DO PARA - PA",4496945.16,4484445.16,-12500.00,-0.28
"BIRITIBA-MIRIM - SP",1766985.16,1755985.16,-11000.00,-0.62
"PADRE CARVALHO - MG",730155.88,715155.88,-15000.00,-2.05
"PARAISOPOLIS - MG",1286677.19,1278829.94,-7847.25,-0.61
"BODOCO - PE",3532512.03,3521262.03,-11250.00,-0.32
"UBA - MG",4602265.66,4201085.56,-401180.10,-8.72
"POSSE - GO",2081290.56,2065047.57,-16242.99,-0.78
"CENTENARIO DO SUL - PR",921535.32,910285.32,-11250.00,-1.22
"TIMOTEO - MG",3732314.90,3722314.90,-10000.00,-0.27
"SAO JOAO DEL REI - MG",5341341.89,5320091.89,-21250.00,-0.40
"ANANAS - TO",884490.08,862490.08,-22000.00,-2.49
"MIRASSOL D'OESTE - MT",1510502.37,1505059.37,-5443.00,-0.36
"FRUTA DE LEITE - MG",674636.05,659636.05,-15000.00,-2.22
"PIRAQUARA - PR",4402320.48,4377320.48,-25000.00,-0.57
"ALVARO DE CARVALHO - SP",579912.73,569912.73,-10000.00,-1.72
"JUSSIAPE - BA",1327848.03,1320348.03,-7500.00,-0.56
"TUPA - SP",3106833.53,2922545.82,-184287.71,-5.93
"MACAIBA - RN",4992982.26,4952082.26,-40900.00,-0.82
"IVOTI - RS",1396566.28,1383526.56,-13039.72,-0.93
"IPECAETA - BA",2333836.02,2329586.02,-4250.00,-0.18
"NOVO ORIENTE DE MINAS - MG",1107475.07,1096225.07,-11250.00,-1.02
"SARANDI - PR",3921713.06,3747151.23,-174561.83,-4.45
"FAINA - GO",675504.66,665504.66,-10000.00,-1.48
"DARCINOPOLIS - TO",644063.96,638063.96,-6000.00,-0.93
"MARAA - AM",2439668.71,2427168.71,-12500.00,-0.51
"TRIUNFO POTIGUAR - RN",683351.30,677101.30,-6250.00,-0.91
"FILADELFIA - TO",934732.10,898482.13,-36249.97,-3.88
"INHAPIM - MG",1653797.62,1638392.32,-15405.30,-0.93
"SENHORA DOS REMEDIOS - MG",826169.33,817869.33,-8300.00,-1.00
"SAO GABRIEL DA CACHOEIRA - AM",3891679.21,3857495.42,-34183.79,-0.88
"IGUATU - CE",8506763.14,8496263.14,-10500.00,-0.12
"BRAGANCA PAULISTA - SP",6794317.03,6503848.14,-290468.89,-4.28
"SAO MIGUEL DO IGUACU - PR",4394525.64,4380475.64,-14050.00,-0.32
"CAMPOS DOS GOYTACAZES - RJ",46848621.07,46823121.07,-25500.00,-0.05
"NOVO HORIZONTE DO SUL - MS",717702.02,711452.02,-6250.00,-0.87
"FORQUETINHA - RS",512088.66,503788.66,-8300.00,-1.62
"CARAPICUIBA - SP",7289308.49,7282308.49,-7000.00,-0.10
"IGACI - AL",3142644.11,3135144.11,-7500.00,-0.24
"FLORES DA CUNHA - RS",1616215.99,1605715.99,-10500.00,-0.65
"GUARUJA - SP",11128070.58,11056820.58,-71250.00,-0.64
"JAPOATA - SE",1368936.95,1362686.95,-6250.00,-0.46
"SAO JOSE DE MIPIBU - RN",3634435.81,3558499.95,-75935.86,-2.09
"SANTAREM - PA",29790339.86,29789139.85,-1200.01,-0.00
"BAMBUI - MG",1633932.35,1613252.30,-20680.05,-1.27
"PASSO FUNDO - RS",7878004.85,7256787.18,-621217.67,-7.89
"AMERICANA - SP",7307901.37,7299601.37,-8300.00,-0.11
"ITUMBIARA - GO",5175625.59,5153925.59,-21700.00,-0.42
"GARCA - SP",2938960.75,2904400.76,-34559.99,-1.18
"SAO PEDRO DO SUL - RS",1025770.00,1017020.00,-8750.00,-0.85
"PAU DOS FERROS - RN",2581701.01,2551187.82,-30513.19,-1.18
"JOAO PESSOA - PB",92618898.96,70172707.26,-22446191.70,-24.24
"CANINDE DE SAO FRANCISCO - SE",2956815.00,2934315.00,-22500.00,-0.76
"PONTE ALTA DO NORTE - SC",530995.17,525995.17,-5000.00,-0.94
"PINHEIRAL - RJ",2072095.81,2063795.81,-8300.00,-0.40
"VACARIA - RS",3643572.82,3626072.82,-17500.00,-0.48
"SANTO CRISTO - RS",982696.80,971134.97,-11561.83,-1.18
"FERNANDOPOLIS - SP",3284643.36,3011479.90,-273163.46,-8.32
"LAGOA DO TOCANTINS - TO",607949.87,597449.87,-10500.00,-1.73
"ARRAIAS - TO",959485.34,928235.34,-31250.00,-3.26
"IPORA - GO",2141126.72,2110626.72,-30500.00,-1.42
"JAQUEIRA - PE",1558613.11,1549863.11,-8750.00,-0.56
"FORMIGA - MG",3732580.37,3566033.87,-166546.50,-4.46
"CARPINA - PE",4827431.41,4692530.25,-134901.16,-2.79
"AGUAS LINDAS DE GOIAS - GO",17581987.12,17531737.12,-50250.00,-0.29
"BELEM - AL",1224207.35,1202457.35,-21750.00,-1.78
"OTACILIO COSTA - SC",1279488.85,1273238.85,-6250.00,-0.49
"OROS - CE",2584363.30,2584363.30,-0.00,-0.00
"AIURUOCA - MG",636681.22,620361.95,-16319.27,-2.56
"AREIA BRANCA - SE",1988515.05,1979765.05,-8750.00,-0.44
"DUERE - TO",607256.68,596756.68,-10500.00,-1.73
"MACHADO - MG",2118570.03,2102521.80,-16048.23,-0.76
"CRUZ ALTA - RS",4004031.19,3523905.03,-480126.16,-11.99
"AREIA BRANCA - RN",2935013.90,2805357.98,-129655.92,-4.42
"PALMITOS - SC",1047876.60,1039576.60,-8300.00,-0.79
"CAMPO ALEGRE DE LOURDES - BA",3526047.74,3507315.74,-18732.00,-0.53
"CARIACICA - ES",10889491.79,10569782.91,-319708.88,-2.94
"OURINHOS - SP",6414677.98,6414677.98,-0.00,-0.00
"QUIRINOPOLIS - GO",2907083.78,2907083.78,-0.00,-0.00
"NOVA VENECIA - ES",3314022.09,3309022.09,-5000.00,-0.15
"OLIMPIA - SP",3083067.27,3074467.27,-8600.00,-0.28
"SANTIAGO - RS",2495957.88,2442261.97,-53695.91,-2.15
"SANTO AMARO DAS BROTAS - SE",1183424.27,1167174.27,-16250.00,-1.37
"ITAGUATINS - TO",729554.88,718304.88,-11250.00,-1.54
"GEMINIANO - PI",787540.01,787540.01,-0.00,-0.00
"SAO GONCALO DO AMARANTE - RN",8638292.48,8629542.48,-8750.00,-0.10
"PORTO FIRME - MG",861947.75,844047.75,-17900.00,-2.08
"ALVARAES - AM",1793124.17,1781874.17,-11250.00,-0.63
"SAO LUIS - MA",121761019.27,97706285.91,-24054733.36,-19.76
"CARAZINHO - RS",3545493.96,3539243.96,-6250.00,-0.18
"PARATI - RJ",6889247.12,6878747.12,-10500.00,-0.15
"CAMPO MAIOR - PI",6400273.29,6364481.06,-35792.23,-0.56
"BITURUNA - PR",1221476.42,1211476.42,-10000.00,-0.82
"ESMERALDAS - MG",3146001.94,3130201.94,-15800.00,-0.50
"INHACORA - RS",612935.84,604635.84,-8300.00,-1.35
"SANTA BARBARA DO SUL - RS",666719.78,657057.40,-9662.38,-1.45
"PIRAI DO SUL - PR",1610407.41,1587307.41,-23100.00,-1.43
"PEDRO AFONSO - TO",1100041.81,1057291.81,-42750.00,-3.89
"BOM DESPACHO - MG",2911987.09,2881537.09,-30450.00,-1.05
"MOGI GUACU - SP",8198774.34,8155774.34,-43000.00,-0.52
"ROSARIO OESTE - MT",1265655.50,1257355.50,-8300.00,-0.66
"CERRO NEGRO - SC",495903.15,489653.15,-6250.00,-1.26
"AGUA PRETA - PE",3161675.81,3150425.81,-11250.00,-0.36
"IRECE - BA",6228353.10,6228353.10,-0.00,-0.00
"GOIOXIM - PR",767506.74,761256.74,-6250.00,-0.81
"NILOPOLIS - RJ",7760675.96,7751925.96,-8750.00,-0.11
"IRAI - RS",700155.14,685574.67,-14580.47,-2.08
"CELSO RAMOS - SC",567644.06,557644.06,-10000.00,-1.76
"MOITA BONITA - SE",1163531.78,1157281.78,-6250.00,-0.54
"AURORA DO TOCANTINS - TO",527702.05,509402.05,-18300.00,-3.47
"CACHOEIRO DE ITAPEMIRIM - ES",8716462.63,8105678.12,-610784.51,-7.01
"PARIPUEIRA - AL",4374485.77,4363235.77,-11250.00,-0.26
"LAURO DE FREITAS - BA",15709613.30,15616742.38,-92870.92,-0.59
"SAO JOSE DO EGITO - PE",3156198.66,3144948.66,-11250.00,-0.36
"GUATAMBU - SC",534443.68,528193.68,-6250.00,-1.17
"POJUCA - BA",3577896.57,3549228.03,-28668.54,-0.80
"PINDORAMA DO TOCANTINS - TO",635615.48,630615.48,-5000.00,-0.79
"PALMARES DO SUL - RS",834470.48,826170.48,-8300.00,-0.99
"NAO-ME-TOQUE - RS",1199784.97,1196729.74,-3055.23,-0.25
"LARANJAL PAULISTA - SP",1798915.98,1792665.98,-6250.00,-0.35
"UBAJARA - CE",3771788.83,3759288.83,-12500.00,-0.33
"CLEVELANDIA - PR",1471853.52,1451104.53,-20748.99,-1.41
"CAIEIRAS - SP",3442295.77,3383045.77,-59250.00,-1.72
"ALEGRETE - RS",4321602.66,4098500.54,-223102.12,-5.16
"CONCHAS - SP",1350969.50,1342219.50,-8750.00,-0.65
"FLORES - PE",2138668.31,2129918.31,-8750.00,-0.41
"PE DE SERRA - BA",1794331.79,1783831.79,-10500.00,-0.59
"SOROCABA - SP",19553334.95,19175803.58,-377531.37,-1.93
"ITUMIRIM - MG",607196.85,598896.85,-8300.00,-1.37
"NOVO GAMA - GO",4347954.59,4351654.59,3700.00,0.09
"FEIRA DE SANTANA - BA",30112154.45,29523060.18,-589094.27,-1.96
"COLINAS DO TOCANTINS - TO",2867673.23,2834923.23,-32750.00,-1.14
"APIAI - SP",1790505.31,1736855.31,-53650.00,-3.00
"SALGADO DE SAO FELIX - PB",1431887.81,1422387.81,-9500.00,-0.66
"FUNILANDIA - MG",640051.44,630051.44,-10000.00,-1.56
"JACOBINA - BA",7267457.42,7258707.42,-8750.00,-0.12
"JABORANDI - SP",720532.96,712232.96,-8300.00,-1.15
"CARAA - RS",655793.09,649543.09,-6250.00,-0.95
"TAPIRA - MG",1244949.60,1236649.60,-8300.00,-0.67
"NOVA PETROPOLIS - RS",1622719.15,1614419.15,-8300.00,-0.51
"APIACA - ES",823361.18,799961.18,-23400.00,-2.84
"GOIANESIA - GO",3672246.11,3661746.11,-10500.00,-0.29
"JOAQUIM GOMES - AL",2976935.86,2959785.86,-17150.00,-0.58
"BOMBINHAS - SC",1215811.28,1205311.28,-10500.00,-0.86
"AGUA BRANCA - PB",1371832.05,1366732.05,-5100.00,-0.37
"BENEVIDES - PA",5066303.85,5063103.85,-3200.00,-0.06
"PUREZA - RN",914413.78,894363.78,-20050.00,-2.19
"CANDEAL - BA",1048368.78,1039618.78,-8750.00,-0.83
"RAUL SOARES - MG",1708877.55,1696777.55,-12100.00,-0.71
"RIACHUELO - RN",857179.43,817038.63,-40140.80,-4.68
"BARAO DE COTEGIPE - RS",1138481.19,1097581.19,-40900.00,-3.59
"BREJETUBA - ES",1025965.35,1014240.53,-11724.82,-1.14
"AGUAS DA PRATA - SP",572096.59,563796.59,-8300.00,-1.45
"QUELUZITO - MG",564754.29,556454.29,-8300.00,-1.47
"PUTINGA - RS",790633.75,782415.38,-8218.37,-1.04
"RIO BRILHANTE - MS",3092987.58,3081737.58,-11250.00,-0.36
"CROATA - CE",2439579.22,2429079.22,-10500.00,-0.43
"BARBACENA - MG",8818348.41,8781098.41,-37250.00,-0.42
"BENTO GONCALVES - RS",5848888.75,5831388.75,-17500.00,-0.30
"UNIAO DA VITORIA - PR",2818842.33,2761122.78,-57719.55,-2.05
"IJUI - RS",4591992.64,3559709.94,-1032282.70,-22.48
"RODRIGUES ALVES - AC",1972228.29,1944778.29,-27450.00,-1.39
"CEARA-MIRIM - RN",5225993.55,5121536.18,-104457.37,-2.00
"SANTA MARIA DA BOA VISTA - PE",3872050.04,3853100.04,-18950.00,-0.49
"BEBEDOURO - SP",4168393.01,4159643.01,-8750.00,-0.21
"CACOAL - RO",5846419.82,5767320.82,-79099.00,-1.35
"CACERES - MT",3642899.27,3639032.04,-3867.23,-0.11
"GROSSOS - RN",1826826.31,1803203.68,-23622.63,-1.29
"ITOBI - SP",635532.01,627232.01,-8300.00,-1.31
"PRACUUBA - AP",575911.09,565911.09,-10000.00,-1.74
"MATA - RS",562645.15,548895.18,-13749.97,-2.44
"MAUA - SP",14561511.97,14475211.97,-86300.00,-0.59
"ITAINOPOLIS - PI",1775940.87,1769690.87,-6250.00,-0.35
"JOAO CAMARA - RN",2801547.41,2790297.41,-11250.00,-0.40
"CARUARU - PE",17787454.08,17649963.50,-137490.58,-0.77
"IPIAU - BA",4106223.75,4083973.75,-22250.00,-0.54
"NOSSA SENHORA DO SOCORRO - SE",10509491.81,10462741.81,-46750.00,-0.44
"PARINTINS - AM",8027716.30,8006216.30,-21500.00,-0.27
"MONTES CLAROS - MG",13470737.53,12044594.51,-1426143.02,-10.59
"ITIRUCU - BA",1466232.31,1459982.31,-6250.00,-0.43
"OURO BRANCO - AL",2055135.14,2046385.14,-8750.00,-0.43
"CUMBE - SE",854441.35,845691.35,-8750.00,-1.02
"GOIATINS - TO",1683828.95,1675528.95,-8300.00,-0.49
"ILHEUS - BA",14922565.76,14153270.78,-769294.98,-5.16
"NOBRES - MT",1294430.09,1283930.09,-10500.00,-0.81
"SANTA ROSA - RS",5801697.10,5785097.10,-16600.00,-0.29
"ANDRADAS - MG",2032834.06,1993381.00,-39453.06,-1.94
"BOA VISTA - RR",60616409.30,40000626.29,-20615783.01,-34.01
"PEDRA PRETA - MT",1186375.34,1180532.34,-5843.00,-0.49
"GENERAL CAMARA - RS",577257.36,568507.36,-8750.00,-1.52
"LARANJA DA TERRA - ES",1050911.87,1032266.25,-18645.62,-1.77
"CABROBO - PE",3043611.93,3023311.93,-20300.00,-0.67
"ENCRUZILHADA - BA",3037839.51,3029089.51,-8750.00,-0.29
"ITABUNA - BA",19632099.49,19526463.48,-105636.01,-0.54
"JUSSARA - GO",1552794.46,1532294.46,-20500.00,-1.32
"CHA PRETA - AL",1219105.04,1201805.04,-17300.00,-1.42
"ARATUIPE - BA",1064477.63,1055727.63,-8750.00,-0.82
"SANTANOPOLIS - BA",1151846.63,1143096.63,-8750.00,-0.76
"ITIUBA - BA",4198112.43,4189362.43,-8750.00,-0.21
"FRANCISCO DANTAS - RN",623430.22,615130.22,-8300.00,-1.33
"CAPITAO ENEAS - MG",1243343.64,1237093.64,-6250.00,-0.50
"SENTINELA DO SUL - RS",630290.84,621540.84,-8750.00,-1.39
"ASSIS CHATEAUBRIAND - PR",1870121.58,1828964.36,-41157.22,-2.20
"PALHOCA - SC",6179578.63,6147828.63,-31750.00,-0.51
"SANTO ANTONIO DA BARRA - GO",628562.20,628562.20,-0.00,-0.00
"UNIAO DOS PALMARES - AL",6888559.92,6845559.92,-43000.00,-0.62
"UBIRETAMA - RS",523694.32,520412.46,-3281.86,-0.63
"CAMPANHA - MG",1275348.36,1268633.75,-6714.61,-0.53
"BAGE - RS",5372441.20,5000165.56,-372275.64,-6.93
"PITANGUEIRAS - SP",1933005.52,1926755.52,-6250.00,-0.32
"MORRO DO PILAR - MG",563578.78,553578.78,-10000.00,-1.77
"GUANAMBI - BA",7759821.56,7738571.56,-21250.00,-0.27
"PALMEIRA DO PIAUI - PI",767682.39,761432.39,-6250.00,-0.81
"BARRA DO BUGRES - MT",2021776.66,1991492.31,-30284.35,-1.50
"QUEIMADOS - RJ",8133666.28,8062466.26,-71200.02,-0.88
"SAO JERONIMO - RS",1396022.09,1319378.72,-76643.37,-5.49
"PIRENOPOLIS - GO",1575088.77,1544588.77,-30500.00,-1.94
"PENAPOLIS - SP",3719966.11,3700716.11,-19250.00,-0.52
"VILA VELHA - ES",13551297.86,13414760.05,-136537.81,-1.01
"BARIRI - SP",1867217.52,1856717.52,-10500.00,-0.56
"SERRINHA - RN",939226.83,939226.83,-0.00,-0.00
"ALMIRANTE TAMANDARE - PR",4132304.60,4108554.60,-23750.00,-0.57
"COARI - AM",9543899.51,9523899.51,-20000.00,-0.21
"RIO PARDO - RS",2372787.77,2361537.77,-11250.00,-0.47
"ESPLANADA - BA",4218579.08,4192428.58,-26150.50,-0.62
"PEDRA LAVRADA - PB",1042331.76,1014331.76,-28000.00,-2.69
"LAGOAO - RS",598007.30,591757.30,-6250.00,-1.05
"SAO LUIZ DO NORTE - GO",766056.84,755556.84,-10500.00,-1.37
"JULIO DE CASTILHOS - RS",1440151.07,1388961.32,-51189.75,-3.55
"SANTA CLARA D'OESTE - SP",583076.55,566376.55,-16700.00,-2.86
"NOVA BOA VISTA - RS",570942.11,562642.11,-8300.00,-1.45
"ANGATUBA - SP",1609888.85,1590888.85,-19000.00,-1.18
"CHAVANTES - SP",759118.29,754071.03,-5047.26,-0.66
"JATEI - MS",883154.51,874854.51,-8300.00,-0.94
"CAMPO ALEGRE DE GOIAS - GO",828652.30,818152.30,-10500.00,-1.27
"CARMOLANDIA - TO",547751.70,542751.70,-5000.00,-0.91
"BOM JESUS DO ITABAPOANA - RJ",3046149.01,3026249.01,-19900.00,-0.65
"PEDRO LEOPOLDO - MG",3545757.20,3525757.20,-20000.00,-0.56
"PRESIDENTE VENCESLAU - SP",2366134.07,2366134.07,-0.00,-0.00
"VITORIA DA CONQUISTA - BA",25536879.59,25439879.59,-97000.00,-0.38
"TANGUA - RJ",2552181.76,2541681.76,-10500.00,-0.41
"SANTO ANTONIO DA PATRULHA - RS",2315749.69,2266392.51,-49357.18,-2.13
"NISIA FLORESTA - RN",2468026.11,2403952.08,-64074.03,-2.60
"VIANA - ES",4925472.68,4899472.68,-26000.00,-0.53
"TEIXEIRA DE FREITAS - BA",16258016.74,16238916.74,-19100.00,-0.12
"SAO VICENTE FERRER - PE",1821579.01,1806579.01,-15000.00,-0.82
"CONCORDIA - SC",5117953.17,5107453.17,-10500.00,-0.21
"PAU D'ARCO - TO",633073.47,628073.47,-5000.00,-0.79
"PORTO MAUA - RS",531564.43,525314.43,-6250.00,-1.18
"BOM JESUS DA LAPA - BA",7277501.02,7259467.15,-18033.87,-0.25
"ABRE CAMPO - MG",1101408.65,1087906.92,-13501.73,-1.23
"ARCOS - MG",2504871.40,2484865.97,-20005.43,-0.80
"NOVO JARDIM - TO",516642.31,510392.31,-6250.00,-1.21
"SAO VICENTE - RN",888238.81,885638.81,-2600.00,-0.29
"PIUMHI - MG",2094584.20,2067211.30,-27372.90,-1.31
"PORTO VELHO - RO",41951585.81,26760496.27,-15191089.54,-36.21
"CAPAO BONITO - SP",2624357.83,2613357.83,-11000.00,-0.42
"GOIAS - GO",2677543.34,2636370.42,-41172.92,-1.54
"SAO JOSE DO NORTE - RS",1689820.87,1679320.87,-10500.00,-0.62
"SAO VICENTE - SP",11350031.75,11327781.75,-22250.00,-0.20
"BRANQUINHA - AL",1772117.71,1766117.71,-6000.00,-0.34
"CUNHA PORA - SC",838536.81,804013.22,-34523.59,-4.12
"LUZIANIA - GO",9078098.52,9018998.52,-59100.00,-0.65
"GUARATINGUETA - SP",6377996.49,6336096.49,-41900.00,-0.66
"URUCARA - AM",1739223.25,1729223.25,-10000.00,-0.57
"JANAUBA - MG",8188855.87,8178855.87,-10000.00,-0.12
"FIRMINO ALVES - BA",997799.93,991549.93,-6250.00,-0.63
"POCO DAS TRINCHEIRAS - AL",2194812.79,2188562.79,-6250.00,-0.28
"SAO GABRIEL DA PALHA - ES",2237787.07,2227787.07,-10000.00,-0.45
"ITAMBE - BA",2574388.58,2554388.58,-20000.00,-0.78
"RIBEIRAO GRANDE - SP",606001.81,597701.81,-8300.00,-1.37
"SANTO ANTONIO DAS MISSOES - RS",842394.15,836144.15,-6250.00,-0.74
"ABELARDO LUZ - SC",1390707.77,1384457.77,-6250.00,-0.45
"BOM JESUS - PI",2496038.61,2488588.60,-7450.01,-0.30
"TEIXEIROPOLIS - RO",557138.49,565438.49,8300.00,1.49
"PEDRO AVELINO - RN",831688.84,818688.84,-13000.00,-1.56
"BOM JESUS - PB",715078.09,714329.25,-748.84,-0.10
"BOQUEIRAO - PB",2006355.11,1996355.11,-10000.00,-0.50
"BURITI ALEGRE - GO",775886.48,765386.48,-10500.00,-1.35
"BRASILANDIA DE MINAS - MG",1101957.58,1094157.58,-7800.00,-0.71
"PAICANDU - PR",2349025.01,2339025.01,-10000.00,-0.43
"GAMELEIRA - PE",2284863.76,2230221.99,-54641.77,-2.39
"FLORANIA - RN",1053069.63,1043069.63,-10000.00,-0.95
"FLORIANOPOLIS - SC",77776397.15,21149004.81,-56627392.34,-72.81
"MAIRI - BA",2709280.36,2698780.36,-10500.00,-0.39
"TRES PASSOS - RS",1641914.33,1575798.73,-66115.60,-4.03
"CARLOS CHAGAS - MG",1533144.96,1524394.96,-8750.00,-0.57
"SANTA TEREZINHA - MT",684225.09,675925.09,-8300.00,-1.21
"TRES CORACOES - MG",3775165.19,3728915.19,-46250.00,-1.23
"SAO BENTO DO SUL - SC",4104323.52,4093823.52,-10500.00,-0.26
"NEOPOLIS - SE",3011865.23,2999365.23,-12500.00,-0.42
"HIDROLANDIA - GO",1429726.49,1428526.48,-1200.01,-0.08
"SANTA TEREZA DO OESTE - PR",979845.75,958695.75,-21150.00,-2.16
"POMBOS - PE",2360629.99,2349379.99,-11250.00,-0.48
"IBIQUERA - BA",732342.10,726092.10,-6250.00,-0.85
"BOM RETIRO DO SUL - RS",842805.17,832805.17,-10000.00,-1.19
"RIO BRANCO DO IVAI - PR",612194.11,602694.11,-9500.00,-1.55
"ALFREDO WAGNER - SC",807143.66,796643.66,-10500.00,-1.30
"SAO JOAO BATISTA - SC",1819505.21,1813505.21,-6000.00,-0.33
"SOBRADINHO - BA",2416171.69,2407421.69,-8750.00,-0.36
"ASSARE - CE",2618136.49,2607136.49,-11000.00,-0.42
"GENERAL MAYNARD - SE",664281.52,635231.52,-29050.00,-4.37
"PROTASIO ALVES - RS",515038.24,506738.24,-8300.00,-1.61
"PONTA GROSSA - PR",11223648.62,10459172.44,-764476.18,-6.81
"COLARES - PA",1350447.81,1342147.81,-8300.00,-0.61
"JANDUIS - RN",749690.18,735140.18,-14550.00,-1.94
"COMERCINHO - MG",706192.66,695692.66,-10500.00,-1.49
"CARMOPOLIS - SE",3172079.82,3163329.82,-8750.00,-0.28
"LIMOEIRO - PE",4613476.12,4540617.26,-72858.86,-1.58
"GUARACIABA - SC",777975.89,767475.89,-10500.00,-1.35
"IMBITUBA - SC",2079834.56,2069334.56,-10500.00,-0.50
"CANTA - RR",1352946.70,1337946.70,-15000.00,-1.11
"SITIO NOVO DO TOCANTINS - TO",1008202.64,975452.64,-32750.00,-3.25
"LEME DO PRADO - MG",691474.81,682137.28,-9337.53,-1.35
"SAO BERNARDO DO CAMPO - SP",49092519.97,48955369.97,-137150.00,-0.28
"CAPIM GROSSO - BA",3197437.28,3197437.28,-0.00,-0.00
"ITAQUIRAI - MS",1654944.36,1648769.55,-6174.81,-0.37
"IATI - PE",2156648.15,2146148.15,-10500.00,-0.49
"LAGUNA - SC",2686741.27,2656769.89,-29971.38,-1.12
"TRINDADE DO SUL - RS",826629.24,820729.24,-5900.00,-0.71
"TOCANTINOPOLIS - TO",1893510.05,1862510.05,-31000.00,-1.64
"TUPANCIRETA - RS",1427479.14,1407256.44,-20222.70,-1.42
"MUTUIPE - BA",2395390.16,2384890.16,-10500.00,-0.44
"EUCLIDES DA CUNHA - BA",5952435.21,5946185.21,-6250.00,-0.10
"BERNARDO SAYAO - TO",717917.27,712917.27,-5000.00,-0.70
"SANTANA DO LIVRAMENTO - RS",4106995.57,3860142.31,-246853.26,-6.01
"LABREA - AM",3371430.39,3363130.41,-8299.98,-0.25
"ARACAJU - SE",55028823.24,42991716.86,-12037106.38,-21.87
"ITARIRI - SP",1062635.63,1050135.63,-12500.00,-1.18
"GUAPO - GO",1167972.67,1157472.67,-10500.00,-0.90
"ITAPEVI - SP",9309540.82,9195253.59,-114287.23,-1.23
"BARRA MANSA - RJ",10767997.99,10751247.99,-16750.00,-0.16
"QUEIMADAS - BA",3144190.43,3127592.95,-16597.48,-0.53
"SANTO AMARO - BA",5673113.56,5648457.77,-24655.79,-0.43
"BEZERROS - PE",4736735.45,4725985.44,-10750.01,-0.23
"PATOS DE MINAS - MG",9754580.56,9748330.56,-6250.00,-0.06
"IRETAMA - PR",918756.44,912506.44,-6250.00,-0.68
"MIRABELA - MG",1144545.18,1138295.18,-6250.00,-0.55
"APARECIDA DE GOIANIA - GO",21341024.40,21320524.40,-20500.00,-0.10
"CAMPO BELO - MG",3872301.37,3864001.37,-8300.00,-0.21
"IGUATAMA - MG",661219.41,650719.41,-10500.00,-1.59
"ANAPOLIS - GO",18481264.72,18439764.72,-41500.00,-0.22
"ITAJUIPE - BA",2296861.46,2288111.46,-8750.00,-0.38
"ABREU E LIMA - PE",5484700.87,5448450.87,-36250.00,-0.66
"ARARIPINA - PE",6435536.72,6416286.72,-19250.00,-0.30
"IGREJINHA - RS",1937561.26,1885338.85,-52222.41,-2.70
"LORETO - MA",1790664.44,1790664.44,-0.00,-0.00
"INDEPENDENCIA - CE",3058693.60,3057893.59,-800.01,-0.03
"VALENCA - RJ",5569325.43,5559675.43,-9650.00,-0.17
"TANGARA - RN",1477291.34,1468541.34,-8750.00,-0.59
"BELO ORIENTE - MG",1917213.21,1908613.21,-8600.00,-0.45
"SERRA NEGRA - SP",1592361.24,1505461.24,-86900.00,-5.46
"LUCAS DO RIO VERDE - MT",3033384.91,3022384.91,-11000.00,-0.36
"SANTANA DO IPANEMA - AL",8867205.95,8829705.95,-37500.00,-0.42
"CASCAVEL - CE",7456313.27,7445813.27,-10500.00,-0.14
"ITAPIRAPUA PAULISTA - SP",557264.25,548964.25,-8300.00,-1.49
"ARAPOEMA - TO",630484.90,619984.90,-10500.00,-1.67
"INGAZEIRA - PE",763032.46,753032.46,-10000.00,-1.31
"LINHARES - ES",15194851.56,15162601.56,-32250.00,-0.21
"CONEGO MARINHO - MG",666031.83,657731.83,-8300.00,-1.25
"CATU - BA",4718618.56,4709868.56,-8750.00,-0.19
"MARIANA - MG",13011664.17,12962541.76,-49122.41,-0.38
"GRANDES RIOS - PR",705197.73,698947.73,-6250.00,-0.89
"CANDELARIA - RS",1988128.39,1959282.89,-28845.50,-1.45
"CABO FRIO - RJ",18007257.67,17974157.67,-33100.00,-0.18
"MUITOS CAPOES - RS",550861.89,544611.89,-6250.00,-1.13
"CRUZ DAS ALMAS - BA",5295030.41,5257530.41,-37500.00,-0.71
"SANTANA DO MUNDAU - AL",1628890.89,1614140.89,-14750.00,-0.91
"PIRATINI - RS",1199522.23,1184027.87,-15494.36,-1.29
"GUARAI - TO",1810034.05,1784429.41,-25604.64,-1.41
"JAPI - RN",730453.77,720453.77,-10000.00,-1.37
"JUIZ DE FORA - MG",33304727.51,33294227.51,-10500.00,-0.03
"NOVO ORIENTE DO PIAUI - PI",836481.98,830231.98,-6250.00,-0.75
"SANTA MARIA DO OESTE - PR",961111.89,952361.89,-8750.00,-0.91
"MONTE SANTO DE MINAS - MG",1617432.83,1617432.83,0.00,0.00
"BARRETOS - SP",7534584.34,7513584.34,-21000.00,-0.28
"NONOAI - RS",842002.57,829125.73,-12876.84,-1.53
"RIBEIRAO DAS NEVES - MG",11981792.54,11970792.54,-11000.00,-0.09
"IACIARA - GO",2212781.34,2211581.33,-1200.01,-0.05
"PLACIDO DE CASTRO - AC",1586092.12,1571619.07,-14473.05,-0.91
"ARAGUATINS - TO",2564881.67,2494332.47,-70549.20,-2.75
"CANDIDO GODOI - RS",956146.63,952910.91,-3235.72,-0.34
"MARILANDIA - ES",1028465.90,1012615.90,-15850.00,-1.54
"SAO VALERIO DA NATIVIDADE - TO",579273.52,569273.52,-10000.00,-1.73
"MUQUI - ES",1256755.80,1240255.80,-16500.00,-1.31
"TACAIMBO - PE",1430713.61,1421963.61,-8750.00,-0.61
"GRAVATA - PE",4904955.42,4887462.42,-17493.00,-0.36
"CARATINGA - MG",5060215.00,5040215.00,-20000.00,-0.40
"ITAMARAJU - BA",6530988.08,6515988.08,-15000.00,-0.23
"ALEXANDRIA - RN",1946235.24,1939985.24,-6250.00,-0.32
"PITANGUI - MG",1534223.71,1525473.71,-8750.00,-0.57
"IPAUMIRIM - CE",1438398.11,1428398.11,-10000.00,-0.70
"ITAMBE - PE",2907458.99,2896208.99,-11250.00,-0.39
"QUEDAS DO IGUACU - PR",2076609.79,2068309.79,-8300.00,-0.40
"BERURI - AM",2062512.73,2028512.73,-34000.00,-1.65
"DERRUBADAS - RS",565641.18,557341.18,-8300.00,-1.47
"ENTRE RIOS - SC",521972.27,515722.27,-6250.00,-1.20
"SERRA - ES",16912008.97,16775644.77,-136364.20,-0.81
"COLOMBO - PR",8444036.78,8410786.78,-33250.00,-0.39
"ITAPISSUMA - PE",2229064.51,2220314.51,-8750.00,-0.39
"MURIAE - MG",5195438.11,5099386.87,-96051.24,-1.85
"PEIXE - TO",1100440.31,1090440.31,-10000.00,-0.91
"SANTO ANGELO - RS",3229994.89,2992620.74,-237374.15,-7.35
"IVINHEMA - MS",2017596.71,2008846.71,-8750.00,-0.43
"CONCEICAO DO COITE - BA",6090769.23,5998597.33,-92171.90,-1.51
"MINAS NOVAS - MG",2085443.57,2066049.94,-19393.63,-0.93
"ITAPORA - MS",1576632.49,1567882.49,-8750.00,-0.55
"SAO JOSE DO RIO PARDO - SP",5436814.65,5428514.65,-8300.00,-0.15
"DIVINOPOLIS DO TOCANTINS - TO",769879.06,758879.06,-11000.00,-1.43
"FRANCA - SP",9016581.66,7891696.77,-1124884.89,-12.48
"JEQUIE - BA",13082365.57,12629950.96,-452414.61,-3.46
"PUGMIL - TO",575165.62,570165.62,-5000.00,-0.87
"ITAPIRATINS - TO",590559.73,581809.73,-8750.00,-1.48
"CAMBORIU - SC",3470357.98,3442607.98,-27750.00,-0.80
"BREJOES - BA",2001294.11,1995044.11,-6250.00,-0.31
"SANTO AMARO DA IMPERATRIZ - SC",1319592.35,1309092.35,-10500.00,-0.80
"ESPERA FELIZ - MG",1680253.66,1668202.49,-12051.17,-0.72
"LAGOA GRANDE - PE",2498428.51,2478428.51,-20000.00,-0.80
"COLATINA - ES",11784712.19,11714946.19,-69766.00,-0.59
"PORTO SEGURO - BA",15160562.67,15153562.67,-7000.00,-0.05
"ITAGUACU - ES",1276773.40,1261773.40,-15000.00,-1.17
"CONSELHEIRO LAFAIETE - MG",6717437.49,6700687.49,-16750.00,-0.25
"ILHA DE ITAMARACA - PE",1898272.27,1872022.27,-26250.00,-1.38
"REBOUCAS - PR",1381421.32,1371122.31,-10299.01,-0.75
"ENCANTADO - RS",1581822.07,1565572.07,-16250.00,-1.03
"CENTRAL - BA",1996990.62,1988240.62,-8750.00,-0.44
"VIDEIRA - SC",2470924.81,2435422.31,-35502.50,-1.44
"SAO JOSE DOS PINHAIS - PR",10785449.74,10650849.73,-134600.01,-1.25
"ICHU - BA",975200.67,968950.67,-6250.00,-0.64
"REALEZA - PR",1359695.04,1351395.04,-8300.00,-0.61
"OLHO D'AGUA DAS FLORES - AL",2664696.93,2655946.93,-8750.00,-0.33
"ACEGUA - RS",691880.73,686872.91,-5007.82,-0.72
"CAMACARI - BA",19073680.47,19062680.47,-11000.00,-0.06
"CURRAIS NOVOS - RN",3720725.10,3629425.10,-91300.00,-2.45
"SAO LOURENCO DA MATA - PE",6630509.28,6591509.28,-39000.00,-0.59
"PARICONHA - AL",1657427.01,1651177.01,-6250.00,-0.38
"ANISIO DE ABREU - PI",1065916.12,1055416.12,-10500.00,-0.99
"SANDOLANDIA - TO",568714.30,558214.30,-10500.00,-1.85
"PEDREIRA - SP",2270797.58,2257797.58,-13000.00,-0.57
"BUENO BRANDAO - MG",831105.02,823252.06,-7852.96,-0.94
"SANTO ANTONIO DE JESUS - BA",7458505.15,7371998.02,-86507.13,-1.16
"HERVAL - RS",1452066.45,1443316.45,-8750.00,-0.60
"VISCONDE DO RIO BRANCO - MG",2141134.00,2077263.44,-63870.56,-2.98
"VALENCA - BA",8006318.02,7775254.15,-231063.87,-2.89
"TELHA - SE",645251.82,639001.82,-6250.00,-0.97
"DIAMANTE DO SUL - PR",632397.00,620897.00,-11500.00,-1.82
"CONCEICAO DO ALMEIDA - BA",1978040.45,1960540.45,-17500.00,-0.88
"CORACAO DE MARIA - BA",2869083.63,2847833.63,-21250.00,-0.74
"GUAIBA - RS",3550795.55,3501956.53,-48839.02,-1.38
"SERRA DE SAO BENTO - RN",770141.63,748691.63,-21450.00,-2.79
"UBATA - BA",2615271.95,2604021.95,-11250.00,-0.43
"NINHEIRA - MG",1006952.34,994452.34,-12500.00,-1.24
"MATINHOS - PR",1921262.77,1902149.76,-19113.01,-0.99
"EXU - PE",2970861.35,2949611.35,-21250.00,-0.72
"CAPIVARI DE BAIXO - SC",1363163.18,1354413.18,-8750.00,-0.64
"TORRES - RS",2050093.05,1997637.63,-52455.42,-2.56
"TERRA ROXA - PR",1386905.38,1372071.01,-14834.37,-1.07
"RIO CASCA - MG",1176484.61,1174084.61,-2400.00,-0.20
"SAPUCAIA DO SUL - RS",6481157.87,6474907.87,-6250.00,-0.10
"JAGUARIPE - BA",2688358.52,2679608.52,-8750.00,-0.33
"SAO JOAO DO SABUGI - RN",702183.64,695933.64,-6250.00,-0.89
"CURITIBA - PR",183078626.28,99633326.51,-83445299.77,-45.58
"CARNAIBA - PE",2650892.59,2639892.59,-11000.00,-0.41
"SANTA ISABEL DO RIO NEGRO - AM",1480882.03,1470882.03,-10000.00,-0.68
"MAJOR GERCINO - SC",485909.87,477609.87,-8300.00,-1.71
"MANTENOPOLIS - ES",1338798.85,1328798.85,-10000.00,-0.75
"IPIRANGA DO SUL - RS",546427.66,538127.66,-8300.00,-1.52
"JAGUARAO - RS",1777668.53,1738420.67,-39247.86,-2.21
"PILAO ARCADO - BA",3778155.89,3769405.89,-8750.00,-0.23
"SAO DOMINGOS DO SUL - RS",542150.22,533850.22,-8300.00,-1.53
"CAICARA - RS",657710.07,649410.07,-8300.00,-1.26
"RIO VERDE - GO",10008362.23,9997062.23,-11300.00,-0.11
"JANDIRA - SP",4573423.22,4562173.22,-11250.00,-0.25
"AIMORES - MG",1695570.42,1689320.42,-6250.00,-0.37
"JOAO PINHEIRO - MG",2659499.41,2638934.07,-20565.34,-0.77
"PORTO ACRE - AC",1199496.60,1182996.60,-16500.00,-1.38
"GUACUI - ES",2168563.00,2123658.93,-44904.07,-2.07
"AUTAZES - AM",3367495.94,3356995.94,-10500.00,-0.31
"ARROIO DOS RATOS - RS",1033162.26,1026912.26,-6250.00,-0.60
"SANTANA - AP",5441282.95,5419782.95,-21500.00,-0.40
"LAVRAS - MG",6813930.03,6785930.03,-28000.00,-0.41
"MARECHAL DEODORO - AL",6570399.35,6565399.35,-5000.00,-0.08
"SANTA ISABEL - SP",3131568.14,3131568.14,-0.00,-0.00
"MARIBONDO - AL",1726097.00,1715597.00,-10500.00,-0.61
"ARACATUBA - SP",8840173.36,7905275.86,-934897.50,-10.58
"ENGENHEIRO BELTRAO - PR",1139988.21,1131688.21,-8300.00,-0.73
"SAO MIGUEL DO ANTA - MG",671746.97,663446.97,-8300.00,-1.24
"MONTE CARMELO - MG",2596415.70,2590165.70,-6250.00,-0.24
"POA - SP",5565419.18,5519569.18,-45850.00,-0.82
"ENTRE RIOS - BA",4458232.48,4443232.48,-15000.00,-0.34
"ITACURUBI - RS",581833.84,575583.84,-6250.00,-1.07
"FEIRA NOVA - PE",1939863.81,1909108.62,-30755.19,-1.59
"RONCADOR - PR",958812.67,952562.67,-6250.00,-0.65
"BURI - SP",1327008.62,1316508.62,-10500.00,-0.79
"CORTES - PE",1851526.62,1842776.62,-8750.00,-0.47
"MATOZINHOS - MG",2092075.89,2083475.89,-8600.00,-0.41
"BOA VISTA DO SUL - RS",520378.72,512078.72,-8300.00,-1.59
"BOCAIUVA DO SUL - PR",914286.77,903786.77,-10500.00,-1.15
"MARAIAL - PE",1307299.05,1298549.05,-8750.00,-0.67
"CHAPADA GAUCHA - MG",1255939.90,1237771.62,-18168.28,-1.45
"BAURU - SP",10218115.24,10184515.24,-33600.00,-0.33
"LUIZ ALVES - SC",1175870.65,1170870.65,-5000.00,-0.43
"ANTONINA - PR",1297512.01,1291262.01,-6250.00,-0.48
"CAICO - RN",4276993.92,4213088.21,-63905.71,-1.49
"MACHADOS - PE",1437202.49,1426702.49,-10500.00,-0.73
"MANOEL EMIDIO - PI",936735.17,935935.16,-800.01,-0.09
"GOIANORTE - TO",737723.13,713423.13,-24300.00,-3.29
"SANTA BARBARA D'OESTE - SP",6849313.93,6816313.93,-33000.00,-0.48
"IRANI - SC",691296.91,685046.91,-6250.00,-0.90
"PINDAMONHANGABA - SP",7707681.10,7622631.10,-85050.00,-1.10
"CARANGOLA - MG",2146577.26,1918403.81,-228173.45,-10.63
"MONTE CASTELO - SC",638652.25,624102.25,-14550.00,-2.28
"MOCOCA - SP",3536957.88,3536957.88,-0.00,-0.00
"ALMINO AFONSO - RN",694805.50,688555.50,-6250.00,-0.90
"BABACULANDIA - TO",1509104.01,1492854.01,-16250.00,-1.08
"ITAPIRA - SP",3469093.78,3433743.78,-35350.00,-1.02
"MIMOSO DO SUL - ES",2066258.74,2060258.74,-6000.00,-0.29
"IPOJUCA - PE",7032371.47,7021121.47,-11250.00,-0.16
"SANTA MARIA DO PARA - PA",2529360.33,2521060.33,-8300.00,-0.33
"PAO DE ACUCAR - AL",3332179.17,3314679.17,-17500.00,-0.53
"RUSSAS - CE",7634243.26,7624243.26,-10000.00,-0.13
"CACHOEIRINHA - RS",5037698.75,4917681.30,-120017.45,-2.38
"MENDES - RJ",2677457.01,2677457.01,-0.00,-0.00
"CANOAS - RS",20471947.61,20293447.61,-178500.00,-0.87
"NOVA GRANADA - SP",1220486.07,1190964.75,-29521.32,-2.42
"COREMAS - PB",1513091.29,1512342.45,-748.84,-0.05
"ARCOVERDE - PE",5183893.28,5094573.33,-89319.95,-1.72
"DIVINESIA - MG",711957.21,701957.21,-10000.00,-1.40
"ARAPONGAS - PR",4756703.45,4694177.41,-62526.04,-1.31
"MEDINA - MG",1665132.96,1647516.84,-17616.12,-1.06
"JOINVILLE - SC",23521852.93,23382352.93,-139500.00,-0.59
"NOVA VENEZA - SC",1042073.58,1032073.58,-10000.00,-0.96
"TERESINA - PI",104622989.20,92437430.75,-12185558.45,-11.65
"CAJUEIRO - AL",3371239.79,3350039.79,-21200.00,-0.63
"OLIVEIRA - MG",2425221.86,2397540.93,-27680.93,-1.14
"NORMANDIA - RR",957998.80,937198.80,-20800.00,-2.17
"SENADOR ELOI DE SOUZA - RN",791289.50,785039.50,-6250.00,-0.79
"PORTAO - RS",1781541.64,1753857.97,-27683.67,-1.55
"CAMPO GRANDE - MS",63941419.68,47618098.11,-16323321.57,-25.53
"MIRACEMA DO TOCANTINS - TO",1671875.93,1608875.93,-63000.00,-3.77
"BIAS FORTES - MG",594976.54,584976.54,-10000.00,-1.68
"CRISTALANDIA DO PIAUI - PI",998844.69,998844.69,0.00,0.00
"IACU - BA",3408090.77,3408090.77,0.00,0.00
"CANDEIAS - MG",1160850.75,1150850.75,-10000.00,-0.86
"ARAGUACU - TO",895140.18,880140.18,-15000.00,-1.68
"ORTIGUEIRA - PR",1502648.75,1490148.75,-12500.00,-0.83
"SAO RAIMUNDO NONATO - PI",3440494.18,3386608.18,-53886.00,-1.57
"CRUZETA - RN",795169.89,781869.89,-13300.00,-1.67
"FREI ROGERIO - SC",597524.10,587524.10,-10000.00,-1.67
"CACADOR - SC",3459914.26,3397089.30,-62824.96,-1.82
"GUARANI D'OESTE - SP",561986.66,553686.66,-8300.00,-1.48
"BARRA DO RIBEIRO - RS",785803.11,775303.11,-10500.00,-1.34
"OROBO - PE",2357484.97,2346484.97,-11000.00,-0.47
"ALTINHO - PE",1870761.92,1862011.92,-8750.00,-0.47
"NEPOMUCENO - MG",1530228.81,1520565.69,-9663.12,-0.63
"GOVERNADOR MANGABEIRA - BA",2434845.92,2417345.92,-17500.00,-0.72
"CHARQUEADAS - RS",2212424.32,2189124.32,-23300.00,-1.05
"FERNAO - SP",536649.11,528349.11,-8300.00,-1.55
"SAO CRISTOVAO - SE",4471812.41,4404620.57,-67191.84,-1.50
"LEME - SP",4655026.30,4655026.30,-0.00,-0.00
"BELO CAMPO - BA",2401632.03,2389132.03,-12500.00,-0.52
"RIBEIRAO PRETO - SP",18507596.68,18447846.68,-59750.00,-0.32
"CAMANDUCAIA - MG",1393821.25,1387905.09,-5916.16,-0.42
"IBICARAI - BA",2776065.68,2748565.68,-27500.00,-0.99
"TATUI - SP",4953420.13,4942420.13,-11000.00,-0.22
"BROTAS - SP",1279981.74,1268981.74,-11000.00,-0.86
"ITAPORANGA - PB",2017557.97,2015957.96,-1600.01,-0.08
"MOJI MIRIM - SP",4783961.53,4752361.53,-31600.00,-0.66
"BELO JARDIM - PE",5567492.53,5543742.53,-23750.00,-0.43
"FREI MARTINHO - PB",663837.96,655537.96,-8300.00,-1.25
"GRAVATAI - RS",10183969.59,10112969.59,-71000.00,-0.70
"JATOBA - PE",1604441.96,1594441.96,-10000.00,-0.62
"VISTA ALEGRE DO PRATA - RS",502263.79,493963.79,-8300.00,-1.65
"TOLEDO - PR",5377456.09,5065395.71,-312060.38,-5.80
"JUARA - MT",1927117.15,1916117.15,-11000.00,-0.57
"ITABERA - SP",1236671.90,1228371.90,-8300.00,-0.67
"MIRANORTE - TO",1122111.19,1116111.19,-6000.00,-0.53
"FAZENDA VILANOVA - RS",662522.04,654222.04,-8300.00,-1.25
"ITORORO - BA",2476843.06,2457093.06,-19750.00,-0.80
"OSASCO - SP",16794359.18,16604859.18,-189500.00,-1.13
"ABAETE - MG",1386157.70,1367557.70,-18600.00,-1.34
"MUNDO NOVO - MS",1827788.32,1823787.64,-4000.68,-0.22
"COQUEIROS DO SUL - RS",527383.73,519083.73,-8300.00,-1.57
"CIDREIRA - RS",1642450.40,1632450.40,-10000.00,-0.61
"POTIRAGUA - BA",1199081.80,1174831.80,-24250.00,-2.02
"PRIMEIRO DE MAIO - PR",921588.22,910338.22,-11250.00,-1.22
"RONDONOPOLIS - MT",10906930.85,10906180.85,-750.00,-0.01
"BUJARI - AC",1854345.48,1845345.48,-9000.00,-0.49
"ANTONIO DIAS - MG",798680.29,788680.29,-10000.00,-1.25
"JANUARIA - MG",3317889.81,3298739.81,-19150.00,-0.58
"SAO PAULO DE OLIVENCA - AM",3133123.12,3126873.12,-6250.00,-0.20
"JARI - RS",541688.97,535438.97,-6250.00,-1.15
"CHA DE ALEGRIA - PE",1419975.47,1411225.47,-8750.00,-0.62
"ERECHIM - RS",3844573.03,3825773.03,-18800.00,-0.49
"EMBU - SP",7500678.32,7464835.79,-35842.53,-0.48
"TAUBATE - SP",7806788.99,7739619.80,-67169.19,-0.86
"IBATIBA - ES",1856328.86,1849328.86,-7000.00,-0.38
"OEIRAS - PI",3969262.87,3922412.86,-46850.01,-1.18
"CICERO DANTAS - BA",3503846.64,3478796.64,-25050.00,-0.71
"COTIA - SP",6341319.71,6331319.71,-10000.00,-0.16
"PIRIPIRI - PI",5757457.03,5751207.03,-6250.00,-0.11
"SOBRADINHO - RS",1130200.02,1117130.97,-13069.05,-1.16
"JAIBA - MG",2013062.53,1969312.53,-43750.00,-2.17
"IMARUI - SC",836414.90,820164.90,-16250.00,-1.94
"SAO FELIX DO TOCANTINS - TO",466621.86,460371.86,-6250.00,-1.34
"CARDEAL DA SILVA - BA",1338736.27,1329986.27,-8750.00,-0.65
"CAMPO DO BRITO - SE",1666076.77,1651076.77,-15000.00,-0.90
"MACAPA - AP",37354428.97,31423668.51,-5930760.46,-15.88
"PALMARES - PE",5129814.46,4891299.49,-238514.97,-4.65
"ALFENAS - MG",6899969.75,6891219.75,-8750.00,-0.13
"ANTONIO PRADO - RS",926392.47,917642.47,-8750.00,-0.94
"MANICORE - AM",3972372.08,3944500.38,-27871.70,-0.70
"IVAIPORA - PR",2037879.30,2024679.30,-13200.00,-0.65
"GUAIRA - SP",2554276.67,2532776.67,-21500.00,-0.84
"FLORES DE GOIAS - GO",1210664.39,1190664.39,-20000.00,-1.65
"NOSSA SENHORA DAS DORES - SE",2245288.64,2245288.64,0.00,0.00
"MACAPARANA - PE",2231959.65,2223209.65,-8750.00,-0.39
"SANTA MONICA - PR",624592.47,618342.47,-6250.00,-1.00
"MARINGA - PR",21962031.08,19985868.28,-1976162.80,-9.00
"SAO JOAO DE MERITI - RJ",12167565.42,12120056.11,-47509.31,-0.39
"JACOBINA DO PIAUI - PI",937804.81,929504.81,-8300.00,-0.89
"PORTO MURTINHO - MS",1768420.80,1762420.80,-6000.00,-0.34
"SANTO ANDRE - SP",18602532.77,18553598.35,-48934.42,-0.26
"ENCRUZILHADA DO SUL - RS",1540876.17,1516566.16,-24310.01,-1.58
"CAJAMAR - SP",3642042.84,3631042.84,-11000.00,-0.30
"ICARAI DE MINAS - MG",999626.38,989126.38,-10500.00,-1.05
"MORENO - PE",4104445.01,4095695.01,-8750.00,-0.21
"BREJO SANTO - CE",6171797.76,6161297.76,-10500.00,-0.17
"BOM PROGRESSO - RS",620035.01,611735.01,-8300.00,-1.34
"BOFETE - SP",1025664.64,1016914.64,-8750.00,-0.85
"PLANALTINA - GO",4761421.66,4735221.66,-26200.00,-0.55
"ALCOBACA - BA",3858378.73,3847878.73,-10500.00,-0.27
"TUPIRAMA - TO",529939.36,514939.36,-15000.00,-2.83
"ITAMBARACA - PR",681735.92,672985.92,-8750.00,-1.28
"CACHOEIRINHA - PE",1820726.19,1809476.19,-11250.00,-0.62
"PARAI - RS",614555.20,606255.20,-8300.00,-1.35
"SAO MATEUS DO SUL - PR",2750649.35,2742159.27,-8490.08,-0.31
"CANDIDO DE ABREU - PR",1343109.41,1320209.41,-22900.00,-1.70
"TIBAGI - PR",1566799.46,1558049.46,-8750.00,-0.56
"DIADEMA - SP",12438742.57,12344042.57,-94700.00,-0.76
"CACIQUE DOBLE - RS",585056.61,576756.61,-8300.00,-1.42
"JERIQUARA - SP",561797.89,553497.89,-8300.00,-1.48
"ARVOREZINHA - RS",790945.60,786079.64,-4865.96,-0.62
"EUGENOPOLIS - MG",1052339.77,1048554.30,-3785.47,-0.36
"MUNDO NOVO - BA",2535046.37,2520046.37,-15000.00,-0.59
"LAGOA DE VELHOS - RN",662198.42,640873.13,-21325.29,-3.22
"CARACOL - PI",1872108.21,1865858.21,-6250.00,-0.33
"SAO SEBASTIAO - SP",9600033.13,9587448.35,-12584.78,-0.13
"PARAISO DO TOCANTINS - TO",2987267.03,2959267.03,-28000.00,-0.94
"APORA - BA",2207461.49,2198711.49,-8750.00,-0.40
"SANTA MARIA DE JETIBA - ES",2669641.85,2664641.85,-5000.00,-0.19
"TIBAU - RN",1524634.64,1481684.64,-42950.00,-2.82
"VAZANTE - MG",1717695.10,1709095.10,-8600.00,-0.50
"SOORETAMA - ES",1829012.28,1816962.28,-12050.00,-0.66
"GOVERNADOR VALADARES - MG",16657751.10,16615801.10,-41950.00,-0.25
"LUZ - MG",1321036.47,1321036.47,0.00,0.00
"CARMOPOLIS DE MINAS - MG",1298943.70,1291973.00,-6970.70,-0.54
"BARUERI - SP",10128387.53,10120087.53,-8300.00,-0.08
"ICARA - SC",2823938.64,2728446.37,-95492.27,-3.38
"PEROLA - PR",932086.39,932086.39,-0.00,-0.00
"AGUA DOCE DO NORTE - ES",1123389.16,1108389.16,-15000.00,-1.34
"CACHOEIRA PAULISTA - SP",1885379.34,1872879.34,-12500.00,-0.66
"TAQUARA - RS",3093317.13,3070281.51,-23035.62,-0.74
"RIO GRANDE DA SERRA - SP",2289098.47,2280348.47,-8750.00,-0.38
"SANTA MARIANA - PR",942116.72,921666.72,-20450.00,-2.17
"NAZARE DA MATA - PE",2509718.67,2494718.67,-15000.00,-0.60
"MAURILANDIA DO TOCANTINS - TO",593332.70,588332.70,-5000.00,-0.84
"PETROLINA - PE",17940513.59,17614933.43,-325580.16,-1.81
"ALTO PARANA - PR",1170383.28,1162083.28,-8300.00,-0.71
"CARNAUBA DOS DANTAS - RN",782589.16,774289.16,-8300.00,-1.06
"ALAGOINHAS - BA",11894733.31,11762886.22,-131847.09,-1.11
"ESPINOSA - MG",1997204.79,1973148.24,-24056.55,-1.20
"CORRENTES - PE",2040520.91,2034270.91,-6250.00,-0.31
"RIO DOS BOIS - TO",668622.85,657372.85,-11250.00,-1.68
"CAMUTANGA - PE",940536.72,931786.72,-8750.00,-0.93
"ALVORADA DE MINAS - MG",584289.18,573789.18,-10500.00,-1.80
"TREMEMBE - SP",2220308.24,2210308.24,-10000.00,-0.45
"JARAGUA DO SUL - SC",10327079.17,10292079.17,-35000.00,-0.34
"SIMAO DIAS - SE",3149307.50,3143057.50,-6250.00,-0.20
"ESCADA - PE",4476681.34,4457931.34,-18750.00,-0.42
"CAPELA - SE",3263727.27,3246227.27,-17500.00,-0.54
"LAGOA DA PRATA - MG",2532941.21,2508367.79,-24573.42,-0.97
"APUCARANA - PR",7969833.88,7951083.88,-18750.00,-0.24
"RODEIO BONITO - RS",776066.02,772966.02,-3100.00,-0.40
"SAO VICENTE DO SUL - RS",677379.59,661079.59,-16300.00,-2.41
"MAMPITUBA - RS",540826.09,532526.09,-8300.00,-1.53
"HUMAITA - AM",4071334.54,4056334.54,-15000.00,-0.37
"PETROPOLIS - RJ",16485953.75,16461953.75,-24000.00,-0.15
"NOVA RAMADA - RS",531162.14,522862.14,-8300.00,-1.56
"CAMPESTRE - MG",1346684.23,1336684.23,-10000.00,-0.74
"SALVADOR DO SUL - RS",606001.05,585501.05,-20500.00,-3.38
"ITABERAI - GO",2400439.01,2389939.01,-10500.00,-0.44
"NOVA UNIAO - MG",608651.15,600351.15,-8300.00,-1.36
"NOVO HAMBURGO - RS",12590550.04,12535800.04,-54750.00,-0.43
"URUOCA - CE",1839664.34,1839664.34,-0.00,-0.00
"ESTANCIA - SE",6089161.71,6082911.71,-6250.00,-0.10
"VICOSA - MG",4830738.31,4810238.31,-20500.00,-0.42
"SAO JOAO DO PAU D'ALHO - SP",544790.23,536490.23,-8300.00,-1.52
"RIBEIRAO DOS INDIOS - SP",538157.51,529857.51,-8300.00,-1.54
"CARRASCO BONITO - TO",814613.69,802113.69,-12500.00,-1.53
"NAZARE - BA",2528993.50,2511743.50,-17250.00,-0.68
"MATO LEITAO - RS",600893.62,590893.62,-10000.00,-1.66
"UIRAMUTA - RR",656204.93,656204.93,0.00,0.00
"JEQUITINHONHA - MG",2063179.58,2032002.63,-31176.95,-1.51
"PACARAIMA - RR",1010234.44,1001484.44,-8750.00,-0.87
"JAU - SP",9823570.89,8673113.58,-1150457.31,-11.71
"TAPIRAMUTA - BA",2157885.30,2151635.30,-6250.00,-0.29
"CONSOLACAO - MG",546141.42,537841.42,-8300.00,-1.52
"MARAGOGIPE - BA",4073716.03,4066216.03,-7500.00,-0.18
"MIGUEL CALMON - BA",2827212.92,2587971.68,-239241.24,-8.46
"LARANJAL DO JARI - AP",3498482.29,3490182.29,-8300.00,-0.24
"RIACHINHO - TO",868352.84,853352.84,-15000.00,-1.73
"VIADUTOS - RS",567435.68,559135.68,-8300.00,-1.46
"AMARAJI - PE",2119496.74,2113246.74,-6250.00,-0.29
"PINDOBA - AL",962975.54,954675.54,-8300.00,-0.86
"RIO PRETO - MG",617350.18,611290.03,-6060.15,-0.98
"CANAVIEIRAS - BA",2962803.99,2946053.99,-16750.00,-0.57
"SARDOA - MG",680934.99,680134.99,-800.00,-0.12
"FEIJO - AC",2421005.12,2398151.80,-22853.32,-0.94
"POCAO DE PEDRAS - MA",3745402.53,3734902.53,-10500.00,-0.28
"URUANA - GO",1095075.92,1085075.92,-10000.00,-0.91
"COLORADO - PR",1512635.16,1502135.16,-10500.00,-0.69
"MANTENA - MG",1870248.88,1848929.33,-21319.55,-1.14
"PAUINI - AM",1937769.55,1929019.55,-8750.00,-0.45
"IBIA - MG",2060050.99,2051750.99,-8300.00,-0.40
"ITAPORA DO TOCANTINS - TO",517782.14,506532.14,-11250.00,-2.17
"CAXAMBU - MG",1345151.29,1334651.29,-10500.00,-0.78
"ARROIO GRANDE - RS",1279607.94,1262636.02,-16971.92,-1.33
"VIDAL RAMOS - SC",625137.33,619137.33,-6000.00,-0.96
"IBATEGUARA - AL",2155305.65,2140305.65,-15000.00,-0.70
"MIRAI - MG",1142967.56,1140102.87,-2864.69,-0.25
"ARAUCARIA - PR",7097107.57,7084607.57,-12500.00,-0.18
"BARREIROS - PE",3969283.57,3924283.57,-45000.00,-1.13
"CAPAO DA CANOA - RS",2478280.82,2413474.25,-64806.57,-2.61
"AFONSO CLAUDIO - ES",2387389.02,2372389.02,-15000.00,-0.63
"ALMENARA - MG",2405438.80,2349208.81,-56229.99,-2.34
"NATIVIDADE - TO",760430.50,750430.50,-10000.00,-1.32
"RIO DAS FLORES - RJ",1154895.51,1137195.51,-17700.00,-1.53
"BELA VISTA - MS",2008658.77,1999908.77,-8750.00,-0.44
"RECIFE - PE",235319537.61,144633545.98,-90685991.63,-38.54
"NOVA BANDEIRANTES - MT",1057390.15,1051352.04,-6038.11,-0.57
"TABIRA - PE",2450982.45,2439732.45,-11250.00,-0.46
"BARRO - CE",2398840.12,2376440.11,-22400.01,-0.93
"BRASILANDIA - MS",1365050.14,1353800.14,-11250.00,-0.82
"ILHOTA - SC",1036534.94,1026534.94,-10000.00,-0.96
"TUPASSI - PR",648746.83,639196.83,-9550.00,-1.47
"SAO JOSE DA COROA GRANDE - PE",2003281.77,1982533.80,-20747.97,-1.04
"BANDEIRANTES - PR",2579289.35,2558489.35,-20800.00,-0.81
"IRACEMA - CE",2355539.04,2345539.04,-10000.00,-0.42
"ALIANCA - PE",3278157.92,3269407.92,-8750.00,-0.27
"MANDIRITUBA - PR",1737668.79,1729231.67,-8437.12,-0.49
"RIBEIRO GONCALVES - PI",974400.78,974400.78,-0.00,-0.00
"WANDERLANDIA - TO",1294199.45,1261949.45,-32250.00,-2.49
"RIO BRANCO - AC",48547419.42,27729568.14,-20817851.28,-42.88
"ALTO FELIZ - RS",561458.14,553158.14,-8300.00,-1.48
"ANITAPOLIS - SC",495653.13,490653.13,-5000.00,-1.01
"SANTANA DO GARAMBEU - MG",589924.54,581624.54,-8300.00,-1.41
"FLORIANO PEIXOTO - RS",517007.63,508707.63,-8300.00,-1.61
"SETE QUEDAS - MS",1042572.55,1033822.55,-8750.00,-0.84
"INAJA - PE",2106451.68,2097701.68,-8750.00,-0.42
"LIBERATO SALZANO - RS",870971.01,856421.01,-14550.00,-1.67
"JABOTICABA - RS",586038.54,577138.76,-8899.78,-1.52
"PARAIBA DO SUL - RJ",2333715.30,2324965.30,-8750.00,-0.37
"BOM JESUS DO NORTE - ES",783282.74,777032.74,-6250.00,-0.80
"ITUBERA - BA",3133129.63,3121879.63,-11250.00,-0.36
"BARROS CASSAL - RS",1039323.11,1022723.11,-16600.00,-1.60
"FOZ DO IGUACU - PR",17274888.61,17216888.61,-58000.00,-0.34
"MACHACALIS - MG",710992.29,699505.77,-11486.52,-1.62
"AREADO - MG",1093189.85,1090453.74,-2736.11,-0.25
"CHAPECO - SC",13569832.66,13533832.66,-36000.00,-0.27
"QUATA - SP",1036401.29,1028101.29,-8300.00,-0.80
"CANTAGALO - RJ",2399589.92,2394589.92,-5000.00,-0.21
"CAMBARA - PR",1582118.86,1568279.40,-13839.46,-0.87
"VICOSA - AL",3247205.13,3242955.13,-4250.00,-0.13
"VITORIA - ES",56321927.65,19163637.04,-37158290.61,-65.97
"SAO PAULO - SP",655547558.98,312936074.23,-342611484.75,-52.26
"TIMBO - SC",2047952.31,2031952.31,-16000.00,-0.78
"SINIMBU - RS",784176.11,780449.75,-3726.36,-0.48
"FEIRA GRANDE - AL",2974444.19,2963194.19,-11250.00,-0.38
"NOVA ROSALANDIA - TO",579733.69,569733.69,-10000.00,-1.72
"CONSTANTINA - RS",719934.43,709934.43,-10000.00,-1.39
"BARRA - BA",6220402.15,6167506.63,-52895.52,-0.85
"WENCESLAU BRAZ - PR",1417920.35,1400875.81,-17044.54,-1.20
"TEOFILO OTONI - MG",9683742.42,9654442.42,-29300.00,-0.30
"JURANDA - PR",764005.16,762719.27,-1285.89,-0.17
"TOCANTINIA - TO",759689.68,743439.68,-16250.00,-2.14
"SAO TOME - RN",1157967.27,1133782.14,-24185.13,-2.09
"TUBARAO - SC",4421641.08,4415391.08,-6250.00,-0.14
"BOTUCATU - SP",4653168.65,4623168.65,-30000.00,-0.64
"SAO LOURENCO DO OESTE - SC",1466809.30,1456309.30,-10500.00,-0.72
"FREDERICO WESTPHALEN - RS",1734336.40,1685917.38,-48419.02,-2.79
"JACAREZINHO - PR",2319324.42,2307187.94,-12136.48,-0.52
"NAZARE - TO",646923.51,637923.51,-9000.00,-1.39
"CAMARAGIBE - PE",10384288.36,10271545.36,-112743.00,-1.09
"TAVARES - PB",2109773.59,2081773.59,-28000.00,-1.33
"NOVA CANAA PAULISTA - SP",542217.26,532217.26,-10000.00,-1.84
"CANTO DO BURITI - PI",2083435.92,2074685.92,-8750.00,-0.42
"DOM PEDRITO - RS",2071959.88,2053209.88,-18750.00,-0.90
"TAIO - SC",1233662.00,1201562.00,-32100.00,-2.60
"CASTRO - PR",3808652.22,3796402.22,-12250.00,-0.32
"TAPERA - RS",822191.19,812191.19,-10000.00,-1.22
"ITABAIANA - SE",6612377.44,6583627.44,-28750.00,-0.43
"DELMIRO GOUVEIA - AL",6477501.74,6440051.74,-37450.00,-0.58
"ITABAIANINHA - SE",3816957.06,3808207.06,-8750.00,-0.23
"BLUMENAU - SC",20690151.29,20679151.29,-11000.00,-0.05
"ESTANCIA VELHA - RS",2301207.65,2292457.65,-8750.00,-0.38
"CACHOEIRA DO SUL - RS",5126455.06,5102705.06,-23750.00,-0.46
"OURO FINO - MG",1720834.40,1681300.03,-39534.37,-2.30
"FREI MIGUELINHO - PE",1492103.31,1483353.31,-8750.00,-0.59
"SAO PEDRO DA UNIAO - MG",617096.34,606896.34,-10200.00,-1.65
"ALEM PARAIBA - MG",1935601.01,1890118.53,-45482.48,-2.35
"VIANOPOLIS - GO",948394.48,948394.48,0.00,0.00
"MARAU - RS",2509525.30,2489972.36,-19552.94,-0.78
"BREJINHO DE NAZARE - TO",726803.69,716803.69,-10000.00,-1.38
"PEQUIZEIRO - TO",821204.95,816204.95,-5000.00,-0.61
"GUARAPUAVA - PR",8471425.42,8282173.06,-189252.36,-2.23
"HERCULANDIA - SP",604124.42,595988.50,-8135.92,-1.35
"AMAPA - AP",667228.64,658928.64,-8300.00,-1.24
"CAMPO ERE - SC",837116.43,816616.43,-20500.00,-2.45
"TABOAO DA SERRA - SP",7970972.33,7937672.33,-33300.00,-0.42
"IRATI - PR",2957320.42,2853538.22,-103782.20,-3.51
"CERRO GRANDE - RS",703734.13,693734.13,-10000.00,-1.42
"TUPARENDI - RS",723302.52,675923.86,-47378.66,-6.55
"DOIS IRMAOS DO BURITI - MS",1115914.62,1107614.62,-8300.00,-0.74
"IBIPEBA - BA",1990872.21,1980039.16,-10833.05,-0.54
"NOVA SOURE - BA",3092288.20,3058038.20,-34250.00,-1.11
"LAGOA D'ANTA - RN",775643.65,769393.65,-6250.00,-0.81
"VILA FLOR - RN",658114.20,636972.27,-21141.93,-3.21
"TONANTINS - AM",2314978.06,2285716.42,-29261.64,-1.26
"AMARGOSA - BA",3264367.65,3228367.65,-36000.00,-1.10
"SANTA INES - BA",1352317.65,1328066.97,-24250.68,-1.79
"BATAGUASSU - MS",1566195.28,1564039.22,-2156.06,-0.14
"OLINDA - PE",15077317.35,14841506.77,-235810.58,-1.56
"TABATINGA - AM",4790868.20,4748218.20,-42650.00,-0.89
"RIO FORMOSO - PE",2220096.79,2205096.79,-15000.00,-0.68
"PERUIBE - SP",3459559.22,3402159.22,-57400.00,-1.66
"ROSARIO DO IVAI - PR",834089.49,811439.49,-22650.00,-2.72
"TRES LAGOAS - MS",6987248.46,6969998.46,-17250.00,-0.25
"ARATUBA - CE",1995609.00,1977459.00,-18150.00,-0.91
"SAO JOSE DOS CAMPOS - SP",20004651.49,19334871.99,-669779.50,-3.35
"LUCRECIA - RN",686520.13,680270.13,-6250.00,-0.91
"SAO JOAO DO PARAISO - MG",1591702.33,1573223.20,-18479.13,-1.16
"CLAUDIO - MG",1731063.81,1716463.81,-14600.00,-0.84
"CONGONHINHAS - PR",1057237.95,1044237.95,-13000.00,-1.23
"CARNAUBAIS - RN",1288634.47,1278634.47,-10000.00,-0.78
"JEREMOABO - BA",4685139.00,4667639.00,-17500.00,-0.37
"ESTACAO - RS",653970.89,643970.89,-10000.00,-1.53
"PEDRO OSORIO - RS",701072.53,697785.43,-3287.10,-0.47
"RIO DO SUL - SC",6646993.38,6630243.38,-16750.00,-0.25
"LONDRINA - PR",26587865.92,26477065.92,-110800.00,-0.42
"ALTO ALEGRE - RR",2155509.33,2113009.33,-42500.00,-1.97
"GOVERNADOR LINDENBERG - ES",998276.31,979626.31,-18650.00,-1.87
"SANTA RITA DO TOCANTINS - TO",553572.99,538572.99,-15000.00,-2.71
"CRISTINO CASTRO - PI",1390475.25,1363975.24,-26500.01,-1.91
"TARAUACA - AC",3360149.86,3343549.86,-16600.00,-0.49
"CHAPADA DA NATIVIDADE - TO",552579.50,542579.50,-10000.00,-1.81
"IRACEMA - RR",819747.80,803497.80,-16250.00,-1.98
"ITAGUAI - RJ",7771223.79,7764973.79,-6250.00,-0.08
"VILHENA - RO",5642028.86,5631028.86,-11000.00,-0.19
"IPUPIARA - BA",1107244.35,1100994.35,-6250.00,-0.56
"LUIS CORREIA - PI",3176646.65,3166646.65,-10000.00,-0.31
"SOSSEGO - PB",728342.70,720042.70,-8300.00,-1.14
"MIRANDIBA - PE",1559193.27,1550443.27,-8750.00,-0.56
"CARAUARI - AM",2776166.81,2763666.81,-12500.00,-0.45
"GIRAU DO PONCIANO - AL",4895435.00,4889185.00,-6250.00,-0.13
"MONTE ALEGRE DE MINAS - MG",1451832.37,1441832.37,-10000.00,-0.69
"CACHOEIRA - BA",3109865.83,3051822.30,-58043.53,-1.87
"SAO BENTO DO TOCANTINS - TO",619840.49,613840.49,-6000.00,-0.97
"CAMPESTRE DA SERRA - RS",539662.96,525112.96,-14550.00,-2.70
"JABOATAO DOS GUARARAPES - PE",28885226.10,28475375.56,-409850.54,-1.42
"TACURU - MS",1285177.24,1273927.24,-11250.00,-0.88
"EXTREMOZ - RN",2595956.21,2566085.05,-29871.16,-1.15
"MAIRIPORA - SP",3903331.03,3887174.29,-16156.74,-0.41
"GASPAR - SC",3149377.11,3131377.11,-18000.00,-0.57
"GUARARAPES - SP",1712706.63,1684892.79,-27813.84,-1.62
"JUSCIMEIRA - MT",842269.87,827159.71,-15110.16,-1.79
"RIO REAL - BA",3996827.87,3990577.87,-6250.00,-0.16
"NOVO MUNDO - MT",1138558.53,1132737.72,-5820.81,-0.51
"CLAUDIA - MT",1043253.96,1043253.96,0.00,0.00
"GARUVA - SC",1437351.56,1430351.56,-7000.00,-0.49
"ARROIO DO TIGRE - RS",950605.94,925905.94,-24700.00,-2.60
"VASSOURAS - RJ",4900577.61,4891827.61,-8750.00,-0.18
"WESTFALIA - RS",542931.74,534631.74,-8300.00,-1.53
"SAO JOAO DA BARRA - RJ",8413053.87,8405553.87,-7500.00,-0.09
"LAJES PINTADAS - RN",817715.02,758498.34,-59216.68,-7.24
"CAPIM BRANCO - MG",912652.59,900152.59,-12500.00,-1.37
"AMAJARI - RR",1272038.88,1259538.88,-12500.00,-0.98
"SANTA ISABEL DO IVAI - PR",1280025.70,1271725.70,-8300.00,-0.65
"FREI PAULO - SE",1384117.83,1360117.83,-24000.00,-1.73
"CASEARA - TO",650540.57,640540.57,-10000.00,-1.54
"JUARINA - TO",560925.24,521254.90,-39670.34,-7.07
"VOTORANTIM - SP",4479284.98,4450734.98,-28550.00,-0.64
"IGAPORA - BA",1732254.99,1723504.99,-8750.00,-0.51
"DIANOPOLIS - TO",1613270.71,1607020.71,-6250.00,-0.39
"RIO ESPERA - MG",618368.23,610068.23,-8300.00,-1.34
"ILHA DAS FLORES - SE",971077.23,957327.23,-13750.00,-1.42
"ESPIGAO ALTO DO IGUACU - PR",679402.99,664852.99,-14550.00,-2.14
"SAO SIMAO - GO",1415988.05,1415588.05,-400.00,-0.03
"CRISTAL - RS",690516.85,681766.85,-8750.00,-1.27
"DIAMANTINA - MG",2831226.24,2642006.46,-189219.78,-6.68
"VERA CRUZ - RN",1235599.25,1207193.15,-28406.10,-2.30
"VERA CRUZ - RS",1468156.50,1464220.66,-3935.84,-0.27
"ARAL MOREIRA - MS",1048226.22,1039926.22,-8300.00,-0.79
"REDENCAO DA SERRA - SP",606152.31,575752.31,-30400.00,-5.02
"CAMBE - PR",4979019.28,4912199.44,-66819.84,-1.34
"RIO POMBA - MG",1258256.92,1257061.56,-1195.36,-0.10
"MANCIO LIMA - AC",1728169.88,1714419.88,-13750.00,-0.80
"SUMARE - SP",6977449.22,6941300.90,-36148.32,-0.52
"FRANCISCO MORATO - SP",7609109.35,7595359.35,-13750.00,-0.18
"NOVO HORIZONTE DO NORTE - MT",566341.09,553841.09,-12500.00,-2.21
"ANGELICA - MS",883058.03,871614.98,-11443.05,-1.30
"MEDEIROS NETO - BA",2693203.18,2686953.18,-6250.00,-0.23
"GUAICARA - SP",755589.21,746839.21,-8750.00,-1.16
"POCO BRANCO - RN",1353988.10,1318638.09,-35350.01,-2.61
"ESPIRITO SANTO - RN",1016410.27,998910.27,-17500.00,-1.72
"TIMBAUBA - PE",4346996.14,4301496.14,-45500.00,-1.05
"SAO PAULO DO POTENGI - RN",1748710.24,1738210.24,-10500.00,-0.60
"PAULISTA - PE",13152621.47,13128871.47,-23750.00,-0.18
"SANTA HELENA - MA",7075526.90,7065026.90,-10500.00,-0.15
"MOSSORO - RN",17339501.84,16350548.47,-988953.37,-5.70
"ORIENTE - SP",568757.27,560457.27,-8300.00,-1.46
"MAFRA - SC",2654935.55,2642935.55,-12000.00,-0.45
"JENIPAPO DOS VIEIRAS - MA",2980740.17,2910190.17,-70550.00,-2.37
"SUZANO - SP",8845153.09,8727050.94,-118102.15,-1.34
"TEFE - AM",6782762.36,6721721.50,-61040.86,-0.90
"SAO SEBASTIAO DO PARAISO - MG",4891303.04,4879153.04,-12150.00,-0.25
"PEDRINHAS - SE",979355.48,970605.48,-8750.00,-0.89
"BARRA DE GUABIRABA - PE",1433994.16,1425244.16,-8750.00,-0.61
"POTE - MG",1226153.73,1217853.73,-8300.00,-0.68
"BRAGANCA - PA",11649486.72,10860948.26,-788538.46,-6.77
"ROSANA - SP",1336153.04,1328053.04,-8100.00,-0.61
"TOBIAS BARRETO - SE",3811451.10,3805201.10,-6250.00,-0.16
"GUARULHOS - SP",33199045.47,27307195.47,-5891850.00,-17.75
"ARES - RN",1474273.36,1450905.04,-23368.32,-1.59
"PORTO NACIONAL - TO",5129104.43,5025854.43,-103250.00,-2.01
"CRATEUS - CE",7387150.76,7376650.76,-10500.00,-0.14
"BOA VISTA DO RAMOS - AM",2006796.39,1996296.39,-10500.00,-0.52
"IUNA - ES",1818167.06,1811917.06,-6250.00,-0.34
"SIRINHAEM - PE",3578692.06,3569942.06,-8750.00,-0.24
"TIBAU DO SUL - RN",1351112.12,1332429.82,-18682.30,-1.38
"JABOTICATUBAS - MG",1352755.99,1344156.60,-8599.39,-0.64
"MONTENEGRO - RS",2992514.06,2882861.90,-109652.16,-3.66
"NAVEGANTES - SC",3436884.98,3419634.98,-17250.00,-0.50
"PIRACURUCA - PI",2653044.06,2651844.06,-1200.00,-0.05
"XAMBIOA - TO",1404141.96,1538665.08,134523.12,9.58
"PONTAL DO PARANA - PR",1626819.66,1617869.66,-8950.00,-0.55
"SANTA FE DO ARAGUAIA - TO",823712.63,805255.89,-18456.74,-2.24
"COUTO DE MAGALHAES - TO",752976.22,735226.22,-17750.00,-2.36
"SAO CAETANO DO SUL - SP",7669008.39,7669008.39,-0.00,-0.00
"LIDIANOPOLIS - PR",697551.94,684151.94,-13400.00,-1.92
"LEOPOLDINA - MG",2944774.30,2813994.41,-130779.89,-4.44
"BOTUMIRIM - MG",786408.10,764453.09,-21955.01,-2.79
"ARACRUZ - ES",7083434.25,7077434.25,-6000.00,-0.08
"PEQUI - MG",606802.97,600552.97,-6250.00,-1.03
"ITAGI - BA",1468845.86,1439845.88,-28999.98,-1.97
"CURITIBANOS - SC",2015811.80,1979261.80,-36550.00,-1.81
"RIO SONO - TO",639447.99,633204.98,-6243.01,-0.98
"ITATIBA DO SUL - RS",598692.74,588692.74,-10000.00,-1.67
"RIBEIRAO - PE",3694974.60,3686224.60,-8750.00,-0.24
"JARDIM ALEGRE - PR",941550.21,924950.21,-16600.00,-1.76
"SAO JOSE DA BELA VISTA - SP",690058.17,681308.17,-8750.00,-1.27
"SANTA MARIA - RN",743543.84,715043.84,-28500.00,-3.83
"RIO BONITO - RJ",5506818.47,5485618.46,-21200.01,-0.38
"ARAXA - MG",4803717.92,4798907.96,-4809.96,-0.10
"NOVA CRUZ - RN",3370149.51,3311840.25,-58309.26,-1.73
"SANTA MARIA - RS",9263123.28,9068008.10,-195115.18,-2.11
"NOVA ANDRADINA - MS",3591631.81,3591231.81,-400.00,-0.01
"ITUIUTABA - MG",5162526.06,5135676.06,-26850.00,-0.52
"GUARAREMA - SP",4832514.78,4825514.78,-7000.00,-0.14
"MANOEL VIANA - RS",659182.66,640109.55,-19073.11,-2.89
"GRAMADO - RS",1995416.62,1987116.62,-8300.00,-0.42
"MACHADINHO - RS",806924.36,767625.09,-39299.27,-4.87
"UNA - BA",2499832.00,2491082.00,-8750.00,-0.35
"IBAITI - PR",2057124.82,2042524.82,-14600.00,-0.71
"COLMEIA - TO",888504.76,869504.76,-19000.00,-2.14
"QUITANDINHA - PR",1356066.30,1327941.30,-28125.00,-2.07
"NAVIRAI - MS",3682488.42,3659988.42,-22500.00,-0.61
"RIO DA CONCEICAO - TO",675928.94,665928.94,-10000.00,-1.48
"SANTANA DA PONTE PENSA - SP",533183.04,524883.04,-8300.00,-1.56
"LADAINHA - MG",1488009.38,1479259.38,-8750.00,-0.59
"MURICILANDIA - TO",558286.56,543286.56,-15000.00,-2.69
"AMARANTE - PI",1847286.75,1841036.75,-6250.00,-0.34
"BRASILEIA - AC",1883156.53,1869406.53,-13750.00,-0.73
"TIMBO GRANDE - SC",640430.71,631680.71,-8750.00,-1.37
"PALMEIRA DOS INDIOS - AL",9633249.03,9540125.02,-93124.01,-0.97
"IMBE - RS",2042637.38,2032637.38,-10000.00,-0.49
"SAUBARA - BA",1706532.47,1696532.47,-10000.00,-0.59
"SALTO DE PIRAPORA - SP",2263509.74,2242709.74,-20800.00,-0.92
"ESPERANTINA - TO",1142325.57,1128825.57,-13500.00,-1.18
"OURICURI - PE",4890978.65,4863713.98,-27264.67,-0.56
"ITAIBA - PE",2606148.05,2576892.46,-29255.59,-1.12
"SENTO SE - BA",3917861.13,3889111.13,-28750.00,-0.73
"HONORIO SERPA - PR",1202139.29,1189639.29,-12500.00,-1.04
"SAO MIGUEL - RN",1925421.80,1901471.81,-23949.99,-1.24
"ESTADO - ES",174172609.96,213234846.09,39062236.13,22.43
"ATALEIA - MG",1105230.19,1100298.97,-4931.22,-0.45
"CONDE - BA",3113595.19,3102345.19,-11250.00,-0.36
"PIRACICABA - SP",14510962.10,14378812.10,-132150.00,-0.91
"QUATIS - RJ",1554011.56,1554011.56,0.00,0.00
"CHALE - MG",607365.06,599065.06,-8300.00,-1.37
"ESTADO - DF",535139612.80,594954193.69,59814580.89,11.18
"VERA CRUZ - BA",6108243.32,6098243.32,-10000.00,-0.16
"CERRO CORA - RN",1313090.10,1306840.10,-6250.00,-0.48
"RIBEIRA DO POMBAL - BA",5016123.14,5004873.14,-11250.00,-0.22
"CUNHA - SP",1437814.49,1427814.49,-10000.00,-0.70
"ESTADO - CE",529362709.89,626879399.74,97516689.85,18.42
"ITAPECERICA DA SERRA - SP",6569910.76,6522418.21,-47492.55,-0.72
"QUATIGUA - PR",663602.44,663602.44,0.00,0.00
"NOVA LARANJEIRAS - PR",997770.78,979020.78,-18750.00,-1.88
"ACAILANDIA - MA",13381713.35,13381713.35,-0.00,-0.00
"NOVA IGUACU - RJ",28662049.98,28624574.61,-37475.37,-0.13
"NOVO XINGU - RS",791590.44,783290.44,-8300.00,-1.05
"SANTO ANTONIO DA PLATINA - PR",2541615.27,2524865.27,-16750.00,-0.66
"VOLTA REDONDA - RJ",13521674.24,13495124.24,-26550.00,-0.20
"SAO MIGUEL DO TOCANTINS - TO",1132531.99,1112631.98,-19900.01,-1.76
"ESTADO - BA",780539177.82,916002118.18,135462940.36,17.36
"MANARI - PE",2199423.15,2190673.15,-8750.00,-0.40
"NOVO MACHADO - RS",545803.51,537503.51,-8300.00,-1.52
"ARAPIRACA - AL",26382622.26,26294422.25,-88200.01,-0.33
"ESTADO - AC",221754616.85,242843340.96,21088724.11,9.51
"TRINDADE - GO",5517023.73,5468723.76,-48299.97,-0.88
"MINEIROS - GO",3108220.04,3107420.04,-800.00,-0.03
"CALCOENE - AP",956048.72,946048.72,-10000.00,-1.05
"GARANHUNS - PE",8506683.71,8397490.70,-109193.01,-1.28
"GABRIEL MONTEIRO - SP",561204.87,552904.87,-8300.00,-1.48
"NOVA OLINDA - TO",1145489.01,1139489.01,-6000.00,-0.52
"SAO VALENTIM DO SUL - RS",513030.61,504730.61,-8300.00,-1.62
"EUNAPOLIS - BA",10424729.41,10387229.41,-37500.00,-0.36
"ESTADO - AM",261728838.09,309798008.20,48069170.11,18.37
"ESTADO - AL",285537566.64,316046971.76,30509405.12,10.68
"ESTADO - AP",222097323.11,228094483.57,5997160.46,2.70
"PRESIDENTE MEDICI - RO",1284052.77,1273552.77,-10500.00,-0.82
"MARAVILHA - SC",1677696.43,1666696.43,-11000.00,-0.66
"UMUARAMA - PR",6867386.73,6831086.73,-36300.00,-0.53
"CRISSIUMAL - RS",1015381.75,1001411.15,-13970.60,-1.38
"CAMPINA GRANDE DO SUL - PR",2575921.93,2565421.93,-10500.00,-0.41
"SAPIRANGA - RS",3475173.96,3439316.11,-35857.85,-1.03
"OSORIO - RS",3979532.47,3921219.26,-58313.21,-1.47
"MATUPA - MT",1178274.40,1148324.40,-29950.00,-2.54
"TAIPU - RN",1166643.43,1134327.07,-32316.36,-2.77
"OURO PRETO - MG",10096985.53,10078185.53,-18800.00,-0.19
"LORENA - SP",4510529.75,4396129.75,-114400.00,-2.54
"SANTOS - SP",17411393.72,17387643.72,-23750.00,-0.14
"MATAO - SP",2801849.10,2777599.10,-24250.00,-0.87
"PIRITIBA - BA",2699605.41,2680355.41,-19250.00,-0.71
"PALMEIRAS DO TOCANTINS - TO",687381.17,672631.17,-14750.00,-2.15
"CAPAO DO LEAO - RS",1519632.41,1513382.41,-6250.00,-0.41
"PECANHA - MG",1313469.19,1293226.54,-20242.65,-1.54
"BARRA DE SAO FRANCISCO - ES",2863717.53,2829467.53,-34250.00,-1.20
"SANTA CRUZ - RN",3349269.61,3308647.87,-40621.74,-1.21
"DOUTOR SEVERIANO - RN",947264.37,937264.37,-10000.00,-1.06
"ACARI - RN",1213038.09,1201049.71,-11988.38,-0.99
"SANTA ROSA DO SUL - SC",704488.77,696188.77,-8300.00,-1.18
"EQUADOR - RN",807013.24,796099.83,-10913.41,-1.35
"AMELIA RODRIGUES - BA",2635360.08,2621710.07,-13650.01,-0.52
"CONTAGEM - MG",23490949.46,19277463.61,-4213485.85,-17.94
"IGUAPE - SP",2828112.11,2809812.11,-18300.00,-0.65
"AREAL - RJ",871642.89,866642.89,-5000.00,-0.57
"BERILO - MG",1000523.54,990523.54,-10000.00,-1.00
"CONCEICAO DO JACUIPE - BA",2827099.85,2814599.85,-12500.00,-0.44
"NOVA MUTUM - MT",2863529.84,2839900.89,-23628.95,-0.83
"JAGUARARI - BA",3437905.51,3437905.51,0.00,0.00
"CRUZEIRO DO SUL - AC",5278830.69,5201834.23,-76996.46,-1.46
"VARGINHA - MG",6472177.65,6283413.86,-188763.79,-2.92
"CASCAVEL - PR",9205382.45,9174042.24,-31340.21,-0.34
"ITAOCARA - RJ",1849237.64,1828437.64,-20800.00,-1.12
"NOVO HORIZONTE - SP",2529156.25,2481957.29,-47198.96,-1.87
"MANHUMIRIM - MG",1564403.82,1514663.02,-49740.80,-3.18
"ARAPOTI - PR",1850313.05,1827136.91,-23176.14,-1.25
"JATAI - GO",5198825.61,5196825.60,-2000.01,-0.04
"CAMAQUA - RS",3263251.20,3129267.52,-133983.68,-4.11
"FONTE BOA - AM",2283382.82,2277132.82,-6250.00,-0.27
"PASSA QUATRO - MG",1115386.82,1103493.05,-11893.77,-1.07
"AGUAS FORMOSAS - MG",1633519.57,1614769.57,-18750.00,-1.15
"TOUROS - RN",2841284.89,2819334.89,-21950.00,-0.77
"SANTA LUZIA - MG",8885510.79,8877710.79,-7800.00,-0.09
"FAGUNDES VARELA - RS",514952.04,506652.04,-8300.00,-1.61
"CANDIDO MOTA - SP",1714034.24,1709784.24,-4250.00,-0.25
"SANTA IZABEL DO OESTE - PR",1286921.98,1276421.98,-10500.00,-0.82
"MORRO DO CHAPEU - BA",3626031.34,3613538.34,-12493.00,-0.34
"SUCUPIRA - TO",490568.67,480568.67,-10000.00,-2.04
"DOURADOS - MS",12558696.15,12527696.15,-31000.00,-0.25
"BELO HORIZONTE - MG",234398299.44,151159877.17,-83238422.27,-35.51
"TROMBAS - GO",575303.83,565303.83,-10000.00,-1.74
"GUAPE - MG",1226940.96,1210191.18,-16749.78,-1.37
"CAREIRO - AM",3046844.52,3038094.52,-8750.00,-0.29
"NOVA ITARANA - BA",1045105.89,1036355.89,-8750.00,-0.84
"AGUIARNOPOLIS - TO",692102.79,675602.79,-16500.00,-2.38
"HUGO NAPOLEAO - PI",738192.45,731942.45,-6250.00,-0.85
"BALNEARIO CAMBORIU - SC",6211700.25,6199700.25,-12000.00,-0.19
"MANGARATIBA - RJ",3911460.11,3902710.11,-8750.00,-0.22
"NOVA INDEPENDENCIA - SP",604440.13,596140.13,-8300.00,-1.37
"NOVA UBIRATA - MT",999734.13,991434.13,-8300.00,-0.83
"ARARUNA - PB",2072632.96,2071884.12,-748.84,-0.04
"ALVORADA - RS",6831369.90,6753701.29,-77668.61,-1.14
"AQUIDAUANA - MS",4316824.85,4306824.85,-10000.00,-0.23
"ALAGOINHA - PE",1719598.70,1628146.25,-91452.45,-5.32
"TRINDADE - PE",2748704.57,2721004.60,-27699.97,-1.01
"SAO PAULO DAS MISSOES - RS",602296.93,600760.89,-1536.04,-0.26
"SANCLERLANDIA - GO",692647.29,692647.29,-0.00,-0.00
"DOM MACEDO COSTA - BA",760481.72,751731.72,-8750.00,-1.15
"CACONDE - SP",1241695.38,1210999.86,-30695.52,-2.47
"RIO DE CONTAS - BA",1608912.82,1600612.82,-8300.00,-0.52
"PIEDADE - SP",2464114.50,2455814.50,-8300.00,-0.34
"QUIXERAMOBIM - CE",9534944.91,9497241.22,-37703.69,-0.40
"CAIAPONIA - GO",1394567.98,1384567.98,-10000.00,-0.72
"SAO LOURENCO DO SUL - RS",2467970.73,2462649.35,-5321.38,-0.22
"PALMAS - TO",47988255.99,28858032.99,-19130223.00,-39.86
"CATALAO - GO",5556931.32,5536462.48,-20468.84,-0.37
"PRESIDENTE GETULIO - SC",1566803.57,1552153.57,-14650.00,-0.94
"ESTADO - TO",280851454.69,301806141.70,20954687.01,7.46
"BURITI DO TOCANTINS - TO",1244149.32,1219649.32,-24500.00,-1.97
"GOIANINHA - RN",3600790.21,3590790.21,-10000.00,-0.28
"RONDA ALTA - RS",1089103.76,1058239.36,-30864.40,-2.83
"SEVERINIA - SP",1098724.75,1088224.75,-10500.00,-0.96
"ELDORADO - SP",1080504.86,1074254.86,-6250.00,-0.58
"CRUZEIRO - SP",3773633.03,3763133.03,-10500.00,-0.28
"GUAPORE - RS",1947348.78,1939048.78,-8300.00,-0.43
"ARARAQUARA - SP",10990711.76,10982411.76,-8300.00,-0.08
"CAMPO BOM - RS",3714449.39,3704449.39,-10000.00,-0.27
"ESTADO - SP",344322352.09,703687672.40,359365320.31,104.37
"SANTA TEREZA - RS",498501.28,490201.28,-8300.00,-1.66
"PINHAL DA SERRA - RS",692855.07,684555.07,-8300.00,-1.20
"JAGUARIAIVA - PR",1865186.13,1858936.13,-6250.00,-0.34
"SAO CRISTOVAO DO SUL - SC",529769.79,523519.79,-6250.00,-1.18
"PAROBE - RS",2904964.33,2826009.63,-78954.70,-2.72
"DIVINO DAS LARANJEIRAS - MG",635933.40,627633.40,-8300.00,-1.31
"TENENTE ANANIAS - RN",1159995.08,1149995.08,-10000.00,-0.86
"SAO MARTINHO - RS",659975.55,658023.50,-1952.05,-0.30
"ESTADO - RJ",358003531.68,459296186.36,101292654.68,28.29
"ESTADO - RO",186579642.22,201881330.76,15301688.54,8.20
"ESTADO - RN",279906423.18,309042144.07,29135720.89,10.41
"SAO JOSE DO CEDRO - SC",946547.04,938247.04,-8300.00,-0.88
"ESTADO - RS",253220717.80,316155276.13,62934558.33,24.85
"ESTADO - RR",160292309.78,181033842.80,20741533.02,12.94
"TANQUINHO - BA",1046950.60,917150.60,-129800.00,-12.40
"PEDRO II - PI",3874768.38,3852018.38,-22750.00,-0.59
"DOUTOR ULYSSES - PR",691724.93,685474.93,-6250.00,-0.90
"ESTADO - SE",265230278.68,277745776.90,12515498.22,4.72
"ESTADO - SC",137283868.93,198000272.79,60716403.86,44.23
"SAMPAIO - TO",574665.02,562565.02,-12100.00,-2.11
"SERRINHA - BA",13810128.74,13784628.74,-25500.00,-0.18
"IOMERE - SC",595781.93,587481.93,-8300.00,-1.39
"SAO PEDRO DA ALDEIA - RJ",4583031.34,4559481.34,-23550.00,-0.51
"PORTEIRINHA - MG",2632020.78,2619520.78,-12500.00,-0.47
"CAMPO LARGO - PR",6578106.29,5031738.21,-1546368.08,-23.51
"ESTADO - PE",494818077.95,589018659.80,94200581.85,19.04
"ESTADO - PI",299796195.16,312342831.88,12546636.72,4.19
"CAMPOS GERAIS - MG",1640055.93,1627712.81,-12343.12,-0.75
"LAGOA DO ITAENGA - PE",2134380.59,2123130.59,-11250.00,-0.53
"SALTO VELOSO - SC",568418.37,558418.37,-10000.00,-1.76
"ESTADO - PR",320042859.49,410824091.77,90781232.28,28.37
"COARACI - BA",2320110.60,2313860.60,-6250.00,-0.27
"CACEQUI - RS",1156673.44,1103674.00,-52999.44,-4.58
"BOM JARDIM DE GOIAS - GO",685330.10,684930.10,-400.00,-0.06
"RIBEIRAO PIRES - SP",5422998.43,5412498.43,-10500.00,-0.19
"MONTEZUMA - MG",666018.06,657268.06,-8750.00,-1.31
"ALIANCA DO TOCANTINS - TO",681555.43,663255.43,-18300.00,-2.69
"ESTADO - PB",327227748.80,349806735.89,22578987.09,6.90
"CABO DE SANTO AGOSTINHO - PE",14387390.89,14325640.89,-61750.00,-0.43
"ESTADO - PA",580620420.62,600471203.78,19850783.16,3.42
"PORTO ALEGRE - RS",127347050.11,74391377.23,-52955672.88,-41.58
"RIO NEGRO - PR",2294001.19,2281343.51,-12657.68,-0.55
"PORANGATU - GO",3112623.29,3092123.29,-20500.00,-0.66
"BARRA DO OURO - TO",654704.84,648454.84,-6250.00,-0.95
"ESTADO - MA",571104909.20,595251192.56,24146283.36,4.23
"ESTADO - MG",486067935.55,579042711.48,92974775.93,19.13
"ESTADO - MS",106883588.92,123482219.94,16598631.02,15.53
"NITEROI - RJ",28065799.96,27974823.46,-90976.50,-0.32
"IPATINGA - MG",15741748.07,15703648.07,-38100.00,-0.24
"ESTADO - MT",174720585.32,195282566.28,20561980.96,11.77
"PATOS - PB",7064325.53,7049325.53,-15000.00,-0.21
"POUSO REDONDO - SC",1016467.60,1008167.60,-8300.00,-0.82
"PASSOS - MG",4812704.49,4741704.49,-71000.00,-1.48
"ITATI - RS",553411.82,547161.82,-6250.00,-1.13
"MARILUZ - PR",983429.81,977179.81,-6250.00,-0.64
"UBERLANDIA - MG",22262200.58,22232900.58,-29300.00,-0.13
"URUGUAIANA - RS",6043807.99,5581992.26,-461815.73,-7.64
"SENADOR GUIOMARD - AC",1929366.87,1897816.87,-31550.00,-1.64
"URUBICI - SC",786938.37,769688.37,-17250.00,-2.19
"PRESIDENTE KENNEDY - ES",9098993.48,9090243.48,-8750.00,-0.10
"CHAPADA DOS GUIMARAES - MT",1319511.88,1317511.88,-2000.00,-0.15
"ALTO LONGA - PI",1621035.09,1614785.09,-6250.00,-0.39
"ROLANDIA - PR",3200662.95,3157239.14,-43423.81,-1.36
"DOUTOR MAURICIO CARDOSO - RS",684237.56,684237.56,-0.00,-0.00
"RIACHAO DO JACUIPE - BA",3063139.30,3056889.30,-6250.00,-0.20
"NOVA ESPERANCA DO SUL - RS",587244.96,576744.96,-10500.00,-1.79
"SAO JOSE - SC",9713770.76,7322020.76,-2391750.00,-24.62
"PORTEL - PA",9085283.88,9085283.88,-0.00,-0.00
"IPANGUACU - RN",1509638.53,1500888.53,-8750.00,-0.58
"FUNDAO - ES",2103465.17,2098465.17,-5000.00,-0.24
"SANTA LUZIA DO NORTE - AL",1076817.73,1070567.73,-6250.00,-0.58
"TAIPAS DO TOCANTINS - TO",485166.81,480166.81,-5000.00,-1.03
"EMBU-GUACU - SP",2762861.27,2744561.27,-18300.00,-0.66
"IBIRITE - MG",8697350.75,8681550.75,-15800.00,-0.18
"RIO CLARO - SP",8759675.70,8759675.70,-0.00,-0.00
"PALMAS - PR",3203145.10,3162388.77,-40756.33,-1.27
"SAO MIGUEL DO ALEIXO - SE",751827.14,700327.14,-51500.00,-6.85
"CACAPAVA DO SUL - RS",1809007.33,1796507.33,-12500.00,-0.69
"MONTE APRAZIVEL - SP",1409175.03,1391993.30,-17181.73,-1.22
"AUGUSTINOPOLIS - TO",1594667.61,1556167.61,-38500.00,-2.41
"NOSSA SENHORA DE NAZARE - PI",1179147.09,1171647.09,-7500.00,-0.64
"GOIANA - PE",5362531.09,5316281.09,-46250.00,-0.86
"ARAGUAINA - TO",12241738.04,12002502.42,-239235.62,-1.95
"CAMACAN - BA",3311730.02,3272035.68,-39694.34,-1.20
"BARREIRAS - BA",14917029.32,14878279.32,-38750.00,-0.26
"CAPITAO LEONIDAS MARQUES - PR",1145588.35,1125588.35,-20000.00,-1.75
"JARAGUARI - MS",771523.29,765273.29,-6250.00,-0.81
"PESQUEIRA - PE",4395474.75,4380474.75,-15000.00,-0.34
"MALHADOR - SE",1143262.95,1137012.95,-6250.00,-0.55
"LAPA - PR",3059748.70,3027198.70,-32550.00,-1.06
"PATU - RN",1149075.01,1142825.01,-6250.00,-0.54
"MIRANDOPOLIS - SP",1501403.37,1490903.37,-10500.00,-0.70
"BOA VISTA DO BURICA - RS",865210.21,832612.08,-32598.13,-3.77
"ESTADO - GO",221191771.94,230104680.76,8912908.82,4.03
"PAULO AFONSO - BA",9339557.57,9313557.57,-26000.00,-0.28
"QUIPAPA - PE",2517538.53,2506288.53,-11250.00,-0.45
"LOANDA - PR",1473177.10,1452277.10,-20900.00,-1.42
"SANTA ROSA DO TOCANTINS - TO",836281.72,826281.72,-10000.00,-1.20
"RIO DE JANEIRO - RJ",442921806.03,342326874.76,-100594931.27,-22.71
"JUQUIA - SP",1462454.64,1376854.64,-85600.00,-5.85
"RIO GRANDE - RS",9466182.34,8324590.12,-1141592.22,-12.06
"BOSSOROCA - RS",638169.54,628169.54,-10000.00,-1.57
"BURITIZEIRO - MG",1716205.66,1706205.66,-10000.00,-0.58
"RIO BRANCO DO SUL - PR",2124682.78,2112682.78,-12000.00,-0.56
"MAUES - AM",5129206.27,5118206.27,-11000.00,-0.21
"REDENCAO DO GURGUEIA - PI",937057.85,930807.85,-6250.00,-0.67
"ITAITUBA - PA",13509167.51,13505167.51,-4000.00,-0.03
"PICOS - PI",9313633.33,9273633.33,-40000.00,-0.43
"TUCUNDUVA - RS",572574.85,562574.85,-10000.00,-1.75
"TELEMACO BORBA - PR",3811808.76,3686061.04,-125747.72,-3.30
"PELOTAS - RS",16799379.27,16731779.27,-67600.00,-0.40
"CAMPINA DO SIMAO - PR",707603.17,698853.17,-8750.00,-1.24
"SALTINHO - SP",594019.53,548819.53,-45200.00,-7.61
"PANCAS - ES",1623158.39,1604619.67,-18538.72,-1.14
"CAETE - MG",2306542.52,2263566.17,-42976.35,-1.86
"OURO PRETO DO OESTE - RO",2276041.73,2257741.73,-18300.00,-0.80
"NATAL - RN",75388543.81,49123197.81,-26265346.00,-34.84
"JERONIMO MONTEIRO - ES",973167.72,966167.72,-7000.00,-0.72
"CONDADO - PE",2327347.21,2316097.21,-11250.00,-0.48
"SANTO ANTONIO DO SUDOESTE - PR",1585296.04,1550046.04,-35250.00,-2.22
"CAVALCANTE - GO",778894.80,767894.80,-11000.00,-1.41
"OURO BRANCO - MG",2289548.80,2278548.80,-11000.00,-0.48
"MANOEL URBANO - AC",853212.11,841562.11,-11650.00,-1.37
"BUTIA - RS",1620918.58,1609918.58,-11000.00,-0.68
"XANXERE - SC",2246245.16,2225245.16,-21000.00,-0.93
"CAMPOS NOVOS - SC",1755017.39,1737767.39,-17250.00,-0.98
"PARELHAS - RN",1731198.42,1714948.42,-16250.00,-0.94
"IPUACU - SC",579950.17,564950.17,-15000.00,-2.59
"FORMOSO DO ARAGUAIA - TO",1705010.96,1674010.96,-31000.00,-1.82
"CANELA - RS",2550123.79,2541823.79,-8300.00,-0.33
"PIRACANJUBA - GO",1674963.97,1674163.97,-800.00,-0.05
"PARANAVAI - PR",4044493.48,3991641.99,-52851.49,-1.31
"SAO FRANCISCO DE PAULA - RS",1257367.95,1225265.86,-32102.09,-2.55
"ITAPETINGA - BA",6688159.21,6649909.21,-38250.00,-0.57
"RIO NEGRINHO - SC",2526185.88,2515685.88,-10500.00,-0.42
"RIO PRETO DA EVA - AM",2536564.21,2527814.21,-8750.00,-0.34
"MARATAIZES - ES",5632588.39,5621588.39,-11000.00,-0.20
"FIGUEIROPOLIS - TO",649303.59,639303.59,-10000.00,-1.54
"TAGUATINGA - TO",1334400.43,1324400.43,-10000.00,-0.75
"PAULA CANDIDO - MG",866974.45,859174.45,-7800.00,-0.90
"TRAMANDAI - RS",3914469.71,3905719.71,-8750.00,-0.22
"UMARIZAL - RN",1056484.94,1038184.94,-18300.00,-1.73
"RIBEIROPOLIS - SE",1609587.90,1592537.90,-17050.00,-1.06
"JUNDIAI - SP",13537219.83,13442863.51,-94356.32,-0.70
"TACARATU - PE",2176595.66,2161595.66,-15000.00,-0.69
"SAO FRANCISCO DE ASSIS - RS",1394756.55,1359610.20,-35146.35,-2.52
"POMERODE - SC",1888420.20,1874420.20,-14000.00,-0.74
"TANABI - SP",1459566.84,1449015.25,-10551.59,-0.72
"REDENTORA - RS",956796.94,934258.99,-22537.95,-2.36
"GARARU - SE",1148408.42,1142158.42,-6250.00,-0.54
"ANANINDEUA - PA",28490591.26,28475591.26,-15000.00,-0.05
"SAPEACU - BA",2119648.70,2102148.70,-17500.00,-0.83
"SABARA - MG",6423944.77,6415644.77,-8300.00,-0.13
"FATIMA DO SUL - MS",1466113.92,1459113.92,-7000.00,-0.48
"CANOINHAS - SC",3439083.61,3404483.61,-34600.00,-1.01
"PITANGA - PR",2334311.87,2303480.77,-30831.10,-1.32
"VOTUPORANGA - SP",4192179.70,3677441.32,-514738.38,-12.28
"SANTA CRUZ DO CAPIBARIBE - PE",5610185.19,5584042.19,-26143.00,-0.47
"PRESIDENTE PRUDENTE - SP",6766834.43,6716252.60,-50581.83,-0.75
"TAPES - RS",1229378.75,1195128.75,-34250.00,-2.79
"SALGUEIRO - PE",4187855.19,4110454.01,-77401.18,-1.85
"FORTUNA - MA",3294644.01,3294644.01,0.00,0.00
"CONCEICAO DA FEIRA - BA",2548993.98,2540243.98,-8750.00,-0.34
"BARRA FUNDA - RS",535123.84,525123.84,-10000.00,-1.87
"MANGUEIRINHA - PR",1408394.39,1402144.39,-6250.00,-0.44
"CAMPINA DA LAGOA - PR",1328067.94,1321817.94,-6250.00,-0.47
"BARROSO - MG",1372504.68,1351752.87,-20751.81,-1.51
"VALE DO SOL - RS",826867.73,814872.98,-11994.75,-1.45
"LAGOA DA CONFUSAO - TO",1123543.76,1117543.76,-6000.00,-0.53
"SEGREDO - RS",622258.86,613339.33,-8919.53,-1.43
"JATAIZINHO - PR",948549.07,939799.07,-8750.00,-0.92
"GAVIAO - BA",864340.63,864340.63,-0.00,-0.00
"JENIPAPO DE MINAS - MG",695720.64,687420.64,-8300.00,-1.19
"NIQUELANDIA - GO",2994357.70,2983857.70,-10500.00,-0.35
"ANDRELANDIA - MG",983035.09,974285.09,-8750.00,-0.89
"TEUTONIA - RS",1594219.72,1510263.80,-83955.92,-5.27
"CEDRO - PE",1264808.32,1240779.53,-24028.79,-1.90
"SCHROEDER - SC",1168799.44,1162799.44,-6000.00,-0.51
"WAGNER - BA",1018293.39,1007043.39,-11250.00,-1.10
"MONTE DO CARMO - TO",754922.47,750922.47,-4000.00,-0.53
"XAMBRE - PR",672142.26,659542.26,-12600.00,-1.87
"FAXINAL DO SOTURNO - RS",632582.08,591545.39,-41036.69,-6.49
"CAETITE - BA",5107405.22,5096155.22,-11250.00,-0.22
"SOUSA - PB",5280015.17,5270015.17,-10000.00,-0.19
"ALEGRE - ES",2121110.76,2089110.76,-32000.00,-1.51
"CARNAUBEIRA DA PENHA - PE",1348471.51,1342221.51,-6250.00,-0.46
"POCAO - PE",1288229.10,1279479.10,-8750.00,-0.68
"BRUSQUE - SC",6255397.61,6218397.61,-37000.00,-0.59
"CHORROCHO - BA",1813562.26,1807312.26,-6250.00,-0.34
"VARZEA - RN",686396.10,658746.10,-27650.00,-4.03
"LAJES - RN",1415814.41,1409564.41,-6250.00,-0.44
"TRES MARIAS - MG",2338744.01,2308194.01,-30550.00,-1.31
"SAO GERALDO - MG",854101.58,844101.58,-10000.00,-1.17
"LAJEADO - RS",6093345.41,6058445.41,-34900.00,-0.57
"BOM JESUS DO GALHO - MG",1153373.46,1084736.88,-68636.58,-5.95
"SAO SEBASTIAO DO TOCANTINS - TO",743567.41,742767.41,-800.00,-0.11
"BOZANO - RS",505664.49,497364.49,-8300.00,-1.64
"BREJO DA MADRE DE DEUS - PE",4358808.74,4347558.74,-11250.00,-0.26
"CAMPINAS - SP",48833749.91,48635625.02,-198124.89,-0.41
"PONTE ALTA DO BOM JESUS - TO",563805.68,534805.68,-29000.00,-5.14
"PRESIDENTE EPITACIO - SP",2007837.02,1946546.88,-61290.14,-3.05
"SOLEDADE - RS",1897162.47,1800883.06,-96279.41,-5.07
"QUINTA DO SOL - PR",719004.56,699754.56,-19250.00,-2.68
"ITAPICURU - BA",3649647.28,3624817.05,-24830.23,-0.68
"ANCHIETA - SC",588865.75,578365.75,-10500.00,-1.78
"RESENDE - RJ",7198411.45,7198411.45,-0.00,-0.00
"CONGO - PB",783929.82,781529.81,-2400.01,-0.31
"ATALAIA DO NORTE - AM",2070063.14,2061313.14,-8750.00,-0.42
"POCOES - BA",5174919.68,5119147.26,-55772.42,-1.08
"IGARASSU - PE",7016099.42,6984849.42,-31250.00,-0.45
"SANTA LEOPOLDINA - ES",995764.09,989764.09,-6000.00,-0.60
"BARREIRINHA - AM",3132992.85,3120492.85,-12500.00,-0.40
"CAARAPO - MS",2037379.54,2031379.54,-6000.00,-0.29
"ITABERABA - BA",7187548.26,7168298.26,-19250.00,-0.27
"SAO ROQUE DO CANAA - ES",984979.23,978979.23,-6000.00,-0.61
"JUAZEIRO DO NORTE - CE",19166298.30,19155798.30,-10500.00,-0.05
"AGUDO - RS",1161500.17,1148650.58,-12849.59,-1.11
"NOVA CANDELARIA - RS",542801.67,523701.67,-19100.00,-3.52
"TAQUARUSSU - MS",857841.26,851591.26,-6250.00,-0.73
"ECOPORANGA - ES",1847793.76,1829043.76,-18750.00,-1.01
"PASSAGEM - RN",676445.07,657895.07,-18550.00,-2.74
"MORADA NOVA DE MINAS - MG",1028291.56,1023650.96,-4640.60,-0.45
"POMPEIA - SP",1413074.64,1402074.64,-11000.00,-0.78
"FONTOURA XAVIER - RS",875998.00,863998.00,-12000.00,-1.37
"ITU - SP",5904942.61,5885642.61,-19300.00,-0.33
"ESTEIO - RS",3556269.69,3526468.33,-29801.36,-0.84
"ALPESTRE - RS",720992.15,710492.15,-10500.00,-1.46
"JARAGUA - GO",2486478.04,2475978.04,-10500.00,-0.42
"BATATAIS - SP",3970541.19,3960541.19,-10000.00,-0.25
"NOVA CANAA - BA",1948811.98,1940061.98,-8750.00,-0.45
"MOGI DAS CRUZES - SP",15754302.49,15501100.34,-253202.15,-1.61
"COSMOPOLIS - SP",3087531.86,3087531.86,0.00,0.00
"SAO BORJA - RS",4050028.92,3998128.92,-51900.00,-1.28
"SAO BENEDITO DO SUL - PE",1448620.09,1439870.09,-8750.00,-0.60
"PIRANHAS - AL",3144795.04,3137295.04,-7500.00,-0.24
"GUAJARA - AM",1458880.12,1450130.12,-8750.00,-0.60
"SAO GONCALO - RJ",23954699.51,23866987.31,-87712.20,-0.37
"PARAGUACU PAULISTA - SP",2921635.38,2888435.38,-33200.00,-1.14
"SERRANA - SP",2176899.33,2166399.33,-10500.00,-0.48
"BRASILANDIA DO TOCANTINS - TO",547358.76,542358.76,-5000.00,-0.91
"BOM JARDIM - PE",3481552.22,3471552.22,-10000.00,-0.29
"RUROPOLIS - PA",4564690.35,4568690.35,4000.00,0.09
"GOIATUBA - GO",2430779.02,2420779.02,-10000.00,-0.41
"VARGEM ALTA - ES",1661914.52,1632214.52,-29700.00,-1.79
"BOA ESPERANCA - MG",2405233.82,2394733.82,-10500.00,-0.44
"MONTANHA - ES",1586318.72,1580068.72,-6250.00,-0.39
"CAXIAS DO SUL - RS",16834746.64,16811446.64,-23300.00,-0.14
"AVELINO LOPES - PI",1532260.71,1523960.71,-8300.00,-0.54
"ALMAS - TO",729255.64,708755.64,-20500.00,-2.81
"BARRA DE SANTO ANTONIO - AL",2357513.39,2351263.39,-6250.00,-0.27
"SETE LAGOAS - MG",11098396.19,11098396.19,-0.00,-0.00
"BARRA DE SAO MIGUEL - AL",1358625.94,1352375.94,-6250.00,-0.46
"LAGOA VERMELHA - RS",1649800.04,1568762.54,-81037.50,-4.91
"ITAU DE MINAS - MG",1322256.73,1317959.96,-4296.77,-0.32
"CHAPADA - RS",752652.36,717952.36,-34700.00,-4.61
"RORAINOPOLIS - RR",2532373.49,2523623.49,-8750.00,-0.35
"JAPURA - AM",1214785.10,1208535.10,-6250.00,-0.51
"GRAVATAL - SC",829502.65,770102.65,-59400.00,-7.16
"NOVA GLORIA - GO",604229.65,594429.66,-9799.99,-1.62
"SANTANA DO MATOS - RN",1612837.38,1606587.38,-6250.00,-0.39
"MACEIO - AL",98354511.62,68505680.52,-29848831.10,-30.35
"CAPOEIRAS - PE",2248400.44,2237900.44,-10500.00,-0.47
"DOUTOR RICARDO - RS",526593.28,518293.28,-8300.00,-1.58
"CAPINZAL - SC",1395696.05,1385196.05,-10500.00,-0.75
"MANAUS - AM",138246097.78,90727779.65,-47518318.13,-34.37
"SALVADOR - BA",265367595.34,137122133.04,-128245462.30,-48.33
"CORONEL DOMINGOS SOARES - PR",742890.94,732608.68,-10282.26,-1.38
"BOA ESPERANCA - PR",645270.21,630820.21,-14450.00,-2.24
"LAGES - SC",11777002.41,11705002.41,-72000.00,-0.61
"PARANAGUA - PR",6891509.20,6761609.20,-129900.00,-1.88
"PRADO FERREIRA - PR",657887.09,651637.09,-6250.00,-0.95
"BONFINOPOLIS - GO",667367.73,656867.73,-10500.00,-1.57
"ITAPIRANGA - AM",948741.16,936241.16,-12500.00,-1.32
"PAULISTANIA - SP",611941.46,603641.46,-8300.00,-1.36
"COXIM - MS",2514201.60,2494201.60,-20000.00,-0.80
"JOSE BOITEUX - SC",589783.41,575233.41,-14550.00,-2.47
"CORONEL MURTA - MG",742755.12,732255.12,-10500.00,-1.41
"GRAO MOGOL - MG",1273025.14,1260257.33,-12767.81,-1.00
"PORTO REAL DO COLEGIO - AL",2272487.09,2266237.09,-6250.00,-0.28
"SOLONOPOLE - CE",2305754.05,2295254.05,-10500.00,-0.46
"SANTO ANTONIO DO ICA - AM",3156935.45,3102739.80,-54195.65,-1.72
"CARMO DO CAJURU - MG",1430789.13,1412219.83,-18569.30,-1.30
"CANGUARETAMA - RN",2808590.26,2776284.91,-32305.35,-1.15
"SENHOR DO BONFIM - BA",6820307.14,6812807.14,-7500.00,-0.11
"VITORIA DE SANTO ANTAO - PE",8469752.28,8428502.28,-41250.00,-0.49
"XAXIM - SC",1892326.14,1865191.47,-27134.67,-1.43
"APODI - RN",2674817.73,2648567.73,-26250.00,-0.98
"DOIS IRMAOS DO TOCANTINS - TO",769635.59,763635.59,-6000.00,-0.78
"SANTO ANTONIO DO DESCOBERTO - GO",3648334.20,3646334.20,-2000.00,-0.05
"ITAQUI - RS",2414254.40,2403004.40,-11250.00,-0.47
"BUENOS AIRES - PE",1236345.26,1221345.26,-15000.00,-1.21
"JACAREI - SP",9254007.03,9243507.03,-10500.00,-0.11
"JARDIM DO SERIDO - RN",1047393.28,1047393.28,0.00,0.00
"TURMALINA - MG",1401977.09,1394059.17,-7917.92,-0.56
"MONTE MOR - SP",2832708.82,2812758.82,-19950.00,-0.70
"LAVRINHAS - SP",651309.66,643009.66,-8300.00,-1.27
"LAGARTO - SE",7613056.28,7604756.28,-8300.00,-0.11
"ITAQUITINGA - PE",1615033.14,1603783.14,-11250.00,-0.70
"URANDI - BA",2176847.86,2168097.86,-8750.00,-0.40
"JOSE BONIFACIO - SP",1729131.74,1693823.22,-35308.52,-2.04
"LUZILANDIA - PI",2990047.82,2980047.82,-10000.00,-0.33
"SANTO ESTEVAO - BA",4635790.20,4613540.20,-22250.00,-0.48
"ARARANGUA - SC",3103914.78,3027664.78,-76250.00,-2.46
"SAO CARLOS - SP",10871494.67,10840194.67,-31300.00,-0.29
"PENEDO - AL",6283912.83,6266412.83,-17500.00,-0.28
"ITAQUAQUECETUBA - SP",7284636.02,7220136.02,-64500.00,-0.89
"FENIX - PR",661166.79,654916.79,-6250.00,-0.95
"PRUDENTOPOLIS - PR",2913906.83,2909380.81,-4526.02,-0.16
"MATO CASTELHANO - RS",568212.42,559912.42,-8300.00,-1.46
"PARNAMIRIM - RN",12006444.70,11828755.27,-177689.43,-1.48
"LAVRAS DO SUL - RS",744616.78,738366.78,-6250.00,-0.84
"IPIRA - BA",5645619.32,5634369.32,-11250.00,-0.20
"PARACAMBI - RJ",4682278.03,4676028.03,-6250.00,-0.13
"ITAPETININGA - SP",6593978.58,6531728.58,-62250.00,-0.94
"XAPURI - AC",1151246.29,1134946.29,-16300.00,-1.42
"LENCOIS PAULISTA - SP",3225017.63,3225017.63,0.00,0.00
"JUAZEIRO - BA",30835331.11,30714156.86,-121174.25,-0.39
"BARRA DO CHAPEU - SP",593148.14,559948.14,-33200.00,-5.60
"PEIXOTO DE AZEVEDO - MT",2751235.74,2745792.74,-5443.00,-0.20
"POCONE - MT",2044025.01,2024700.42,-19324.59,-0.95
"MANOEL RIBAS - PR",1213715.86,1193865.86,-19850.00,-1.64
"SAO FELIX - BA",2322675.71,2295482.71,-27193.00,-1.17
"SAO JOAO DE IRACEMA - SP",541087.80,532787.80,-8300.00,-1.53
"PATIS - MG",655288.98,646538.98,-8750.00,-1.34
"PEDRO CANARIO - ES",1867569.10,1848819.10,-18750.00,-1.00
"SANTA VITORIA DO PALMAR - RS",1883760.46,1877510.46,-6250.00,-0.33
"MARA ROSA - GO",994790.58,986990.60,-7799.98,-0.78
"SAO MANOEL DO PARANA - PR",593338.17,583138.17,-10200.00,-1.72
"ITAPEVA - SP",6085161.33,6076861.33,-8300.00,-0.14
"ROSARIO DO SUL - RS",2265858.55,2168133.15,-97725.40,-4.31
"MONDAI - SC",804701.31,794889.16,-9812.15,-1.22
"AGUAS DE CHAPECO - SC",569308.69,549408.69,-19900.00,-3.50
"BELEM DE SAO FRANCISCO - PE",1946170.80,1891336.50,-54834.30,-2.82
"FORMOSA - GO",5642734.60,5602734.60,-40000.00,-0.71
"ANTONIO CARLOS - SC",729158.70,722158.70,-7000.00,-0.96
"PORTO FERREIRA - SP",2726460.62,2717710.62,-8750.00,-0.32
"ARAQUARI - SC",2124664.84,2114164.84,-10500.00,-0.49
"BONFIM - RR",1372963.53,1371763.52,-1200.01,-0.09
"PALMEIRANTE - TO",624329.27,618329.27,-6000.00,-0.96
"CORNELIO PROCOPIO - PR",2509664.46,2473314.46,-36350.00,-1.45
"PARNAMIRIM - PE",1938149.74,1925698.42,-12451.32,-0.64
"MIRANDA - MS",2602604.16,2583619.31,-18984.85,-0.73
"SEABRA - BA",4528228.63,4518228.63,-10000.00,-0.22
"SANTA MARIA DA VITORIA - BA",4936914.91,4923164.91,-13750.00,-0.28
"LAGOA FORMOSA - MG",1604875.14,1604875.14,0.00,0.00
"IMBAU - PR",889934.87,883684.87,-6250.00,-0.70
"CRISTALANDIA - TO",680947.96,669947.96,-11000.00,-1.62
"TENENTE PORTELA - RS",1170129.63,1081611.84,-88517.79,-7.56
"PAPAGAIOS - MG",1116631.58,1091131.58,-25500.00,-2.28
"URUACU - GO",2938953.03,2927953.03,-11000.00,-0.37
"CONCEICAO DO RIO VERDE - MG",1034008.68,1029344.53,-4664.15,-0.45
"DOMINGOS MARTINS - ES",2817492.68,2770592.68,-46900.00,-1.66
"TAPAUA - AM",1831461.96,1819719.99,-11741.97,-0.64
"MINAS DO LEAO - RS",698605.32,692355.32,-6250.00,-0.89
"ARAGUACEMA - TO",736291.77,730291.77,-6000.00,-0.81
"SAO JOAO D'ALIANCA - GO",908660.41,898160.41,-10500.00,-1.16
"SURUBIM - PE",4724994.98,4699086.78,-25908.20,-0.55
"JAICOS - PI",2036898.10,2030648.10,-6250.00,-0.31
"PRESIDENTE KENNEDY - TO",562288.63,542288.63,-20000.00,-3.56
"GAMELEIRAS - MG",641956.98,635706.98,-6250.00,-0.97
"SANTA TEREZINHA DO TOCANTINS - TO",531338.67,526338.67,-5000.00,-0.94
"SAO LEOPOLDO - RS",9192560.38,9136310.38,-56250.00,-0.61
"GOIANIA - GO",87608065.48,79435891.38,-8172174.10,-9.33
"CUMARU - PE",1608048.24,1597548.24,-10500.00,-0.65
"CARAUBAS - RN",2097802.56,2089052.56,-8750.00,-0.42
"DIVINOPOLIS - MG",11399171.61,11374171.61,-25000.00,-0.22
"PEDRO REGIS - PB",1141854.72,1141105.88,-748.84,-0.07
"ADOLFO - SP",604985.72,596685.72,-8300.00,-1.37
"MORRINHOS - GO",2613450.18,2602450.18,-11000.00,-0.42
"ABAIARA - CE",1402133.52,1391633.52,-10500.00,-0.75
"SANTO AUGUSTO - RS",1081329.40,1042791.98,-38537.42,-3.56
"SIMOES FILHO - BA",11468134.64,9174884.64,-2293250.00,-20.00
"CAMOCIM DE SAO FELIX - PE",1888168.40,1879418.40,-8750.00,-0.46
"CASTRO ALVES - BA",3129824.09,3071656.24,-58167.85,-1.86
"PONTAO - RS",837129.90,827129.90,-10000.00,-1.19
"JUAREZ TAVORA - PB",1296519.79,1296519.79,0.00,0.00
"SALTO DO JACUI - RS",823403.57,815103.57,-8300.00,-1.01
"RIO LARGO - AL",6457742.00,6433992.00,-23750.00,-0.37
"BARRO ALTO - GO",1530458.87,1519958.87,-10500.00,-0.69
"PATO BRANCO - PR",6563379.32,6553379.32,-10000.00,-0.15
"SAO SEPE - RS",1541507.93,1524652.58,-16855.35,-1.09
"SANTO ANTONIO DO MONTE - MG",1698254.63,1687634.87,-10619.76,-0.63
"SERRANOPOLIS DO IGUACU - PR",646881.45,639081.45,-7800.00,-1.21
"ANADIA - AL",2375995.07,2364745.07,-11250.00,-0.47
